battery_power,int_memory,fc,n_cores,ram,talk_time,dual_sim,wifi,pc,mobile_wt,price_range
842,7,1,2,2549,19,0,1,2,188,Medium
1021,53,0,3,2631,7,1,0,6,136,High
563,41,2,5,2603,9,1,0,6,145,High
615,10,0,6,2769,11,0,0,9,131,High
1821,44,13,2,1411,15,0,0,14,141,Medium
1859,22,3,1,1067,10,1,0,7,164,Medium
1821,10,4,8,3220,18,0,1,10,139,VeryHigh
1954,24,0,4,700,5,1,1,0,187,Low
1445,53,0,7,1099,20,0,0,14,174,Low
509,9,2,5,513,12,1,0,15,93,Low
769,9,0,5,3946,7,1,0,1,182,VeryHigh
1520,33,5,8,3826,13,0,1,18,177,VeryHigh
1815,33,2,4,1482,2,0,0,17,159,Medium
803,17,7,4,2680,4,0,1,11,198,High
1866,52,13,1,373,3,0,1,17,185,Low
775,46,3,2,568,11,0,1,16,159,Low
838,13,1,8,3554,19,0,1,4,196,VeryHigh
595,23,7,3,3752,18,1,0,17,121,VeryHigh
1131,49,11,5,1835,16,1,0,18,101,Medium
682,19,4,4,2337,18,0,1,11,121,Medium
772,39,12,7,2819,3,1,0,14,81,VeryHigh
1709,13,1,2,3283,15,0,0,2,156,VeryHigh
1949,47,4,4,1433,20,1,1,7,199,Medium
1602,38,4,3,1037,20,1,0,20,114,Low
503,8,5,3,2583,12,1,0,13,111,Medium
961,57,0,8,2782,7,1,1,3,114,High
519,51,7,4,3763,4,1,1,19,132,VeryHigh
956,41,1,7,3286,12,0,0,6,143,VeryHigh
1453,52,12,2,2373,10,1,1,18,96,High
851,21,3,5,478,10,0,1,7,200,Low
1579,5,0,7,3532,12,1,1,9,88,VeryHigh
1568,33,16,8,508,6,0,1,20,150,Low
1319,41,3,1,2227,3,0,1,18,107,Medium
1310,51,0,4,3845,12,1,0,0,100,VeryHigh
644,22,0,8,1262,15,0,0,3,157,Low
725,60,16,8,1326,15,1,0,17,160,Medium
589,61,1,4,2113,2,1,1,10,160,Medium
1725,6,6,2,3429,4,1,0,18,119,VeryHigh
790,11,16,6,3169,2,1,1,17,87,High
560,50,15,2,2150,11,1,0,20,159,High
1347,44,5,1,2484,11,0,1,14,132,High
1646,41,8,2,3339,19,0,0,10,185,VeryHigh
1253,5,5,2,1878,4,1,0,19,152,Medium
1656,34,5,3,1629,14,0,0,7,166,Medium
1195,20,1,2,504,12,0,0,14,110,Low
1514,27,0,3,1152,20,0,1,1,118,Medium
1723,42,1,8,3587,3,1,0,14,164,VeryHigh
1054,40,3,7,2296,12,1,1,10,196,Medium
578,57,2,8,1270,5,1,1,8,162,Low
596,64,9,8,3238,10,1,0,15,111,VeryHigh
1547,14,2,3,2059,15,1,1,19,198,High
1760,63,5,8,2053,16,1,0,19,127,High
1654,43,0,2,3112,10,1,0,0,109,VeryHigh
1457,16,1,3,1440,12,1,1,10,102,Medium
1073,51,0,7,2908,18,1,0,0,145,High
1936,46,10,3,2552,13,1,0,20,104,High
823,60,13,8,905,17,1,1,19,148,Low
987,61,0,3,3963,20,1,1,9,107,VeryHigh
1757,49,8,6,2056,4,0,0,14,180,Medium
1063,48,2,5,2910,9,1,1,4,128,High
1484,12,3,3,1457,20,0,0,5,134,Medium
799,63,1,8,431,6,0,1,6,144,Low
1156,50,0,2,470,15,1,0,0,159,Low
1720,55,15,2,2148,5,0,1,18,168,High
702,9,2,3,2955,19,1,0,3,141,High
616,44,13,3,3366,13,1,0,17,81,VeryHigh
1358,36,11,4,3068,4,0,0,14,155,VeryHigh
1866,30,0,3,3834,8,0,0,0,182,VeryHigh
1242,10,0,2,1050,4,1,1,1,165,Low
1166,43,0,4,3993,7,1,0,1,80,VeryHigh
1448,45,6,7,3378,2,1,1,11,138,VeryHigh
1407,22,1,4,2192,13,0,1,4,104,High
605,9,8,3,392,4,0,0,16,142,Low
1038,43,3,1,3709,12,0,1,5,141,VeryHigh
797,38,4,4,590,6,1,0,6,90,Low
819,42,8,6,1814,13,1,1,20,188,Medium
1114,9,4,3,907,17,0,0,15,197,Low
1234,33,1,1,1449,6,1,1,3,172,Low
1199,16,15,4,3448,10,1,1,20,116,VeryHigh
1103,29,6,6,1837,16,1,1,8,111,Medium
1589,58,0,7,3464,6,1,1,7,85,VeryHigh
999,64,11,4,2593,16,1,0,19,199,High
1510,45,2,5,3484,11,1,1,3,180,VeryHigh
1008,61,11,3,2009,11,0,0,15,114,Medium
1127,57,5,1,2048,17,1,1,13,163,Medium
1412,25,5,8,837,4,0,1,17,96,Medium
1496,42,4,5,854,7,1,1,5,182,Low
1083,64,1,3,3210,4,1,0,11,178,VeryHigh
668,3,0,5,2746,8,1,1,13,155,High
1309,33,0,4,2334,11,1,1,14,100,High
1724,57,2,3,2822,16,1,0,5,177,VeryHigh
1977,54,7,7,1971,14,1,0,18,171,High
885,15,0,7,1410,5,1,1,0,103,Low
879,14,11,6,349,2,0,1,15,83,Low
1322,7,6,3,1418,12,1,0,9,140,Medium
1137,7,18,3,3616,12,0,1,19,196,VeryHigh
1355,23,10,5,880,8,0,0,16,132,Low
1665,60,3,6,1601,14,0,0,18,194,High
657,37,0,2,1412,18,0,0,1,141,Low
593,31,6,7,1692,7,0,0,7,156,Medium
1883,10,3,6,2600,20,0,0,13,146,VeryHigh
1732,12,4,8,1308,11,0,1,9,119,Medium
543,57,0,5,2413,15,0,0,4,192,Medium
1939,55,0,4,1047,18,1,0,10,199,Low
553,8,1,7,1204,8,1,1,3,121,Low
832,39,2,4,1799,11,1,1,3,103,Medium
1661,23,5,5,2676,11,1,1,10,172,VeryHigh
1657,42,3,5,2597,14,0,0,16,198,VeryHigh
1135,46,0,1,3029,9,1,1,4,83,VeryHigh
1775,41,3,1,2343,14,0,1,7,163,VeryHigh
783,43,0,3,2016,18,1,0,4,106,Medium
617,32,0,7,2213,7,0,0,20,199,Medium
867,4,0,6,790,3,1,0,1,135,Low
1310,7,13,5,3182,5,1,0,14,194,High
1804,22,9,7,3472,20,0,1,19,153,VeryHigh
1900,18,1,7,2871,13,0,1,9,89,VeryHigh
909,53,0,8,3187,4,0,0,0,82,High
1084,40,3,3,1945,10,0,0,11,107,Medium
1308,46,8,1,488,9,1,0,12,199,Low
1778,15,0,3,1214,14,0,0,0,102,Medium
1701,10,3,8,2598,6,1,0,7,194,High
772,10,1,4,3242,4,1,0,2,80,VeryHigh
825,52,7,3,3534,6,1,0,10,130,VeryHigh
1379,36,5,2,3426,17,0,1,7,200,VeryHigh
1166,25,3,5,2488,15,0,0,4,198,High
1659,16,5,1,3255,9,0,1,20,89,VeryHigh
826,58,0,4,2863,18,1,1,1,88,High
1564,25,4,6,1496,7,0,1,17,189,Medium
1957,31,11,3,3801,7,1,1,16,181,VeryHigh
1571,19,0,6,666,13,0,0,1,100,Low
1414,54,2,7,3799,7,1,1,3,99,VeryHigh
1790,2,9,1,1366,20,1,1,14,184,Medium
645,41,1,7,2962,4,0,1,10,197,High
668,30,7,8,2399,7,1,1,12,195,Medium
1652,36,1,4,2338,20,1,0,5,89,High
1213,16,0,5,2700,9,0,1,0,108,High
1272,22,0,6,2235,4,1,0,8,133,Medium
866,46,5,8,3825,2,1,1,7,179,VeryHigh
536,3,12,7,284,4,1,0,14,182,Low
523,14,1,8,1427,9,1,0,2,155,Low
1753,31,0,1,1324,17,1,1,18,134,High
1218,14,1,3,398,5,1,0,4,147,Low
1537,43,4,1,3685,17,0,1,5,137,VeryHigh
786,33,0,7,2390,5,1,1,6,141,High
1678,64,3,3,278,10,0,0,11,134,Low
1814,9,1,2,3556,16,1,0,2,141,VeryHigh
1101,31,0,2,2196,19,0,1,7,148,Medium
1461,40,3,7,3799,4,1,0,4,141,VeryHigh
1216,47,4,3,2268,4,0,1,7,199,High
506,41,6,1,2965,15,0,0,7,159,High
843,56,1,5,2341,20,0,1,17,147,Medium
742,56,4,7,3557,12,1,1,14,190,VeryHigh
1692,61,3,6,1354,19,0,0,12,176,Medium
1485,32,2,2,2147,11,0,0,9,84,High
1547,45,6,2,505,3,1,1,8,166,Low
1692,46,4,1,1394,6,1,0,6,139,Medium
637,60,3,4,374,8,0,1,4,97,Low
1224,6,16,6,506,11,0,1,18,109,Low
1356,29,0,6,3702,19,0,0,0,198,VeryHigh
1840,34,12,1,1078,10,1,0,16,142,Medium
1481,37,4,5,2945,16,1,1,13,96,High
961,51,10,6,2981,7,1,1,16,152,High
1296,14,0,5,490,4,1,1,3,124,Low
1193,26,11,1,536,4,0,1,20,166,Low
1441,3,11,8,2317,7,1,1,17,118,High
517,33,3,4,3704,11,1,1,8,183,VeryHigh
748,27,0,8,2126,7,0,0,4,150,Medium
1126,10,2,6,2050,12,0,1,3,160,High
1572,58,0,7,2462,10,0,0,8,157,VeryHigh
1569,44,17,4,1260,17,1,0,20,110,Medium
1270,32,2,7,3770,13,1,0,6,101,VeryHigh
1854,8,2,5,1886,20,0,0,5,101,Medium
625,10,5,4,3323,7,1,1,8,183,High
1577,42,0,5,2060,12,1,0,4,197,High
534,16,0,5,3926,20,1,0,1,189,VeryHigh
946,25,8,6,2177,13,1,1,15,143,High
685,29,2,7,728,4,0,1,10,93,Low
1949,23,0,5,2478,20,1,0,1,101,VeryHigh
947,22,0,2,2842,2,1,0,13,197,High
801,63,2,7,1617,19,1,1,4,165,Medium
703,30,12,1,1472,7,0,0,20,113,Low
1165,41,11,6,764,15,0,0,12,178,Low
1082,38,0,8,2337,17,0,1,5,198,High
959,20,15,4,3965,6,1,0,19,84,VeryHigh
1502,54,0,5,3693,16,0,0,12,138,VeryHigh
1380,4,1,3,797,15,1,0,13,92,Low
1266,5,0,6,1687,18,0,0,9,95,High
1934,46,0,1,2940,2,1,1,17,103,VeryHigh
1905,6,3,1,1545,10,0,0,5,151,Medium
1831,43,2,5,3834,13,1,1,5,150,VeryHigh
596,46,8,1,2505,15,0,0,18,165,Medium
1562,7,1,5,2243,6,1,0,15,190,High
1490,64,4,8,3600,7,1,1,8,150,VeryHigh
1523,57,5,2,3971,10,0,1,6,117,VeryHigh
640,20,0,4,2844,18,0,0,15,163,High
1526,23,1,7,2227,3,0,0,8,117,High
1989,41,0,3,1665,12,1,1,13,94,High
1308,61,0,3,3355,4,0,1,7,106,VeryHigh
609,26,3,4,1866,14,0,1,4,93,Medium
1905,36,9,3,1287,16,1,0,20,119,Medium
1703,22,0,1,1046,13,0,1,0,192,Low
1445,20,7,7,1441,13,1,1,15,173,Medium
1087,16,0,3,690,6,0,1,9,166,Low
671,30,10,7,2504,15,1,0,17,105,High
1472,61,6,6,2677,8,0,0,19,168,High
765,47,0,8,2243,4,1,1,1,115,High
1642,8,16,6,2984,17,1,1,17,171,High
1265,49,7,5,1362,12,0,1,16,182,Medium
664,51,1,7,3629,6,1,1,4,110,VeryHigh
1277,35,0,6,3559,6,1,0,6,142,VeryHigh
1395,23,0,3,2571,13,1,1,1,111,High
1539,41,0,8,2107,10,0,1,0,159,High
1049,63,9,5,1022,13,0,0,17,135,Low
1827,39,4,5,2844,10,0,0,16,128,High
903,50,0,1,711,10,1,0,0,91,Low
1987,53,3,3,3117,8,0,1,7,181,VeryHigh
1154,49,0,8,978,7,1,1,2,181,Low
1336,17,5,5,1869,16,0,1,9,194,Medium
1886,24,0,3,1179,20,0,1,1,112,Medium
1551,51,4,5,3844,4,0,0,6,88,VeryHigh
850,29,6,5,593,10,1,1,19,133,Low
660,40,5,2,588,18,0,1,10,111,Low
1225,13,8,4,3836,11,1,0,12,116,VeryHigh
1452,25,1,6,2669,13,1,0,11,123,High
1686,38,3,4,2958,2,1,0,4,166,VeryHigh
1634,17,1,2,3031,6,0,1,5,200,VeryHigh
1708,49,18,1,3388,16,1,1,19,109,VeryHigh
1151,31,0,8,2377,13,1,0,1,128,High
1578,37,2,4,2458,3,1,1,19,138,High
1689,24,17,3,2766,7,0,1,18,127,VeryHigh
1488,39,1,5,3054,19,0,0,6,112,VeryHigh
1313,9,4,1,3791,6,1,1,6,105,VeryHigh
1715,31,4,8,625,13,1,0,17,83,Low
1442,27,0,3,2227,20,1,0,19,192,Medium
528,6,12,2,3256,6,0,0,15,142,High
1523,11,6,1,707,19,0,0,8,129,Low
1133,42,3,5,1457,20,0,1,12,199,Medium
1718,6,14,5,3755,8,1,1,16,183,VeryHigh
1330,38,0,7,1733,11,0,1,1,183,Medium
1799,49,0,4,720,11,0,1,2,107,Low
633,49,0,8,3560,16,0,1,1,139,High
724,44,0,7,2311,7,1,0,0,187,High
822,51,0,6,3846,3,0,0,20,157,VeryHigh
1918,10,2,5,1717,16,0,1,10,110,High
1891,37,7,7,3704,11,0,0,14,129,VeryHigh
1373,50,2,7,3800,14,1,0,12,127,VeryHigh
862,23,3,2,278,11,1,1,15,165,Low
1273,48,3,4,1767,11,0,0,15,99,Medium
957,7,4,5,1846,7,0,1,10,107,Medium
1617,30,3,2,829,10,1,0,4,105,Low
893,55,0,2,2986,6,1,1,1,183,High
1210,63,0,5,2394,7,0,0,0,93,High
708,63,0,8,2169,7,1,1,7,195,Medium
835,7,2,4,1181,15,1,1,7,101,Low
1450,19,9,1,575,12,1,0,17,131,Low
973,57,5,7,2977,2,0,0,16,190,High
601,4,4,4,532,10,0,1,13,154,Low
507,32,1,7,1702,5,1,1,11,141,Medium
564,51,0,3,1074,15,1,0,1,168,Low
1559,6,6,6,3352,3,1,1,17,162,VeryHigh
754,59,7,7,1027,5,1,0,10,178,Medium
728,25,0,4,2039,12,1,1,1,88,Medium
1431,56,0,1,461,8,0,0,1,191,Low
767,28,4,4,527,15,0,0,10,175,Low
1722,18,8,2,3271,15,0,1,16,177,VeryHigh
1992,57,5,2,606,4,0,1,15,100,Medium
1876,40,10,6,2513,16,0,0,14,86,VeryHigh
1054,38,10,6,1675,14,1,1,12,136,Medium
1283,47,4,5,2698,17,1,0,5,93,High
1281,28,0,1,1129,6,1,0,6,148,Medium
1066,7,2,7,468,6,0,0,18,114,Low
730,4,0,8,1210,4,1,1,2,89,Low
1053,45,7,1,3086,5,1,1,12,103,VeryHigh
1611,3,11,3,1595,9,1,1,14,98,Medium
793,30,5,2,2332,14,1,1,15,133,High
1220,62,3,4,2589,15,0,1,8,125,High
1662,61,0,4,3760,13,0,1,13,126,VeryHigh
1281,8,3,4,1851,9,1,0,19,144,Medium
538,2,12,7,417,9,0,1,13,177,Low
823,39,0,8,294,11,0,1,4,187,Low
1733,36,3,6,3576,9,0,0,20,119,VeryHigh
1429,40,0,3,3945,18,1,1,14,100,VeryHigh
1839,54,9,7,927,18,0,1,11,200,Medium
659,6,6,3,2044,2,0,1,7,110,Medium
1953,56,7,8,2334,4,1,0,9,158,High
1172,27,0,1,1477,6,0,0,3,164,Medium
612,16,6,7,3161,3,1,0,7,102,VeryHigh
1563,24,0,8,3660,5,0,0,0,170,VeryHigh
1191,26,16,1,1604,9,1,1,20,84,Medium
615,42,0,6,2211,18,1,1,4,163,Medium
1893,63,8,2,3822,18,1,1,11,134,VeryHigh
1563,16,10,7,3922,8,1,1,13,151,VeryHigh
1995,9,6,6,1203,18,0,1,18,139,High
1517,48,6,5,2822,11,0,1,14,143,VeryHigh
832,34,1,5,447,12,1,0,5,108,Low
1162,56,0,7,1652,20,0,0,1,114,Medium
1595,12,7,8,3608,16,0,0,19,121,VeryHigh
1329,52,1,6,1228,6,0,1,2,181,Medium
928,56,11,8,666,5,1,0,13,80,Low
1656,38,8,7,1499,19,1,1,17,105,Medium
1937,58,17,1,3321,14,0,0,19,189,VeryHigh
977,57,2,6,1206,8,1,1,7,181,Low
768,56,16,1,952,16,0,1,20,113,Low
1464,12,11,2,3927,15,1,1,14,117,VeryHigh
1177,29,1,2,311,19,0,0,8,191,Low
1348,52,18,3,955,7,0,1,20,98,Medium
1956,37,0,3,1109,19,0,0,2,87,Medium
1751,8,6,6,2969,17,1,1,20,178,High
1530,42,11,6,725,19,0,1,13,177,Low
1997,40,1,4,1655,15,1,0,8,185,High
1414,44,5,2,3490,13,1,0,6,180,VeryHigh
1707,41,0,7,1774,10,0,0,2,80,High
894,50,1,3,3615,6,1,1,14,199,VeryHigh
645,41,6,8,714,13,0,0,17,184,Low
1163,49,0,2,2768,12,1,1,0,155,High
1126,49,3,8,3739,13,0,0,17,165,VeryHigh
1648,64,6,4,610,6,0,0,9,170,Medium
1170,14,6,2,715,20,0,1,13,199,Low
508,42,7,1,663,7,0,0,8,94,Low
1097,64,6,3,1725,9,1,1,8,161,Medium
728,5,0,2,834,5,1,0,20,101,Low
1980,29,2,1,3865,18,1,0,13,177,VeryHigh
1504,64,1,1,3059,10,1,0,2,182,VeryHigh
1379,63,14,1,651,7,1,0,17,83,Low
1698,18,5,6,796,14,0,1,20,160,Low
920,25,5,7,785,5,1,1,14,115,Low
1144,21,0,1,3252,8,1,0,11,189,High
1995,26,6,1,1322,7,0,1,15,129,Medium
1430,27,1,1,2832,15,1,1,16,183,High
972,13,5,5,1615,13,1,0,8,193,Medium
662,20,5,1,2125,15,0,1,10,138,Medium
1867,9,0,6,990,2,0,1,3,191,Medium
1730,20,0,4,1595,12,1,0,10,143,Medium
1723,7,1,3,1213,16,0,1,17,126,Medium
1882,47,8,2,2500,11,1,1,13,140,High
803,18,0,4,2801,12,1,0,1,106,High
580,47,0,3,3451,11,1,0,1,91,VeryHigh
668,48,2,1,1201,4,0,0,19,114,Low
1391,36,2,1,3139,14,0,0,6,182,High
1560,22,0,7,1938,16,0,1,1,169,High
821,54,5,3,3185,15,1,0,9,109,High
811,2,5,6,2111,2,1,1,13,106,Medium
1989,17,8,8,2369,18,1,0,15,193,High
1034,37,6,7,3625,12,1,1,20,120,VeryHigh
618,6,2,1,1051,15,0,1,4,86,Low
654,52,0,4,1036,13,0,0,4,196,Medium
576,10,2,5,2938,5,0,1,7,184,High
667,3,6,6,2855,19,0,1,13,185,High
869,57,7,1,2727,8,0,0,15,118,High
635,42,2,3,2973,18,1,1,4,149,High
609,44,15,1,2581,15,0,1,16,117,Medium
1557,2,16,5,2690,9,1,1,20,123,VeryHigh
1604,33,2,8,916,12,0,1,5,191,Low
1182,8,7,8,2563,19,0,0,16,138,High
848,19,10,7,3359,14,1,0,18,148,High
1610,64,7,4,941,9,0,0,12,181,Medium
1828,17,0,1,2280,4,1,0,1,199,High
880,50,1,7,827,6,1,1,3,194,Low
1394,62,10,5,473,20,1,0,13,175,Low
1960,61,1,7,3865,11,1,0,3,86,VeryHigh
809,21,10,7,1274,3,0,0,19,91,Medium
899,57,13,2,364,7,1,0,18,172,Low
1976,32,4,2,3699,13,1,1,7,171,VeryHigh
879,21,0,4,2927,11,1,1,2,187,High
916,36,0,4,1470,14,0,0,12,195,Low
763,2,8,8,1050,8,1,0,14,92,Low
508,9,0,6,2616,10,1,1,2,162,High
825,34,0,8,2915,10,1,0,17,99,VeryHigh
1864,46,8,1,2686,18,0,1,12,178,High
1725,52,8,6,1243,5,1,1,12,185,Medium
1108,52,10,2,3264,13,0,1,12,183,VeryHigh
1011,36,4,7,2261,16,0,1,18,131,Medium
1703,55,17,5,2993,20,1,1,19,138,VeryHigh
1067,58,0,7,706,16,1,0,0,135,Low
1334,42,5,5,2542,8,0,0,14,115,VeryHigh
775,30,0,7,2523,9,0,1,10,189,High
1899,26,0,2,336,4,0,1,0,151,Low
930,14,1,6,2457,17,1,0,10,97,Medium
1058,19,2,4,418,16,0,1,14,166,Low
1187,46,0,2,3917,8,0,1,9,145,VeryHigh
1874,8,10,7,1246,2,1,1,13,166,Medium
1482,48,2,7,2971,12,0,1,10,142,High
1809,59,3,3,2324,16,0,1,4,174,High
864,54,0,2,3121,16,1,1,1,187,High
625,33,12,1,3801,2,0,0,20,191,High
1880,18,4,3,3333,7,0,0,5,138,VeryHigh
1138,44,12,8,3475,3,0,0,17,187,VeryHigh
560,23,14,8,2360,18,0,1,15,146,Medium
1117,12,1,7,2895,16,0,0,8,144,High
1712,63,1,7,3652,19,0,0,12,137,VeryHigh
1836,26,3,6,3097,18,1,0,16,134,VeryHigh
1036,39,0,7,2101,2,0,0,3,119,Medium
1860,23,15,4,3918,8,0,0,16,162,VeryHigh
1375,9,3,7,3869,10,0,1,19,145,VeryHigh
1945,57,0,4,732,14,1,0,1,195,Medium
1896,7,8,2,3684,18,1,0,13,141,VeryHigh
788,57,4,8,3969,6,1,1,12,91,VeryHigh
880,33,0,2,1414,7,1,0,2,173,Low
1323,28,10,4,1892,15,1,1,12,131,Medium
1868,42,0,1,3131,7,1,1,4,169,VeryHigh
1266,7,0,3,2532,4,1,1,12,184,High
1042,50,16,7,3215,20,1,1,18,93,VeryHigh
1479,19,8,3,3323,6,0,1,10,156,VeryHigh
1476,55,0,4,1529,3,1,1,5,171,High
1552,13,6,6,2403,9,0,1,9,123,High
1454,34,1,4,3419,5,1,0,3,83,VeryHigh
1007,45,0,5,3648,16,0,0,2,95,VeryHigh
652,17,9,5,1974,12,1,0,11,173,Low
1504,34,12,8,2806,7,0,1,15,142,High
1726,51,2,4,2239,13,1,1,3,193,High
1029,5,5,5,582,4,1,1,8,171,Low
1582,44,2,6,3890,10,0,1,13,112,VeryHigh
1478,48,12,5,1141,6,1,1,17,99,Medium
1178,49,0,5,2511,17,0,0,0,101,High
707,25,2,3,3838,7,1,1,17,131,VeryHigh
755,51,5,4,2734,16,0,1,12,186,High
912,54,1,8,2330,20,0,0,5,161,Medium
651,63,2,5,2244,19,1,0,4,176,Medium
1483,54,1,7,1851,2,0,0,2,176,Medium
914,4,2,2,808,5,0,0,12,100,Low
1456,7,7,5,1587,20,1,1,12,105,Medium
1178,57,6,3,2492,10,1,0,17,84,High
1503,43,10,4,2122,2,0,0,14,166,High
1681,11,2,2,1122,16,0,1,13,158,Low
715,48,4,4,3709,10,1,0,6,160,High
1876,56,3,3,3021,18,1,0,4,182,High
1190,47,9,6,624,19,1,1,10,186,Low
1755,24,0,7,3937,7,0,1,2,134,VeryHigh
1197,20,3,6,1797,4,0,1,7,149,Medium
1048,28,10,2,1458,15,0,1,19,194,Medium
1887,17,6,8,3348,16,1,0,7,126,VeryHigh
1772,64,3,8,1834,20,1,1,15,116,Medium
1421,57,0,1,2775,14,0,1,2,165,VeryHigh
1464,17,0,6,1277,19,1,0,8,153,Medium
728,23,4,4,457,16,1,1,5,111,Low
954,50,0,2,438,2,0,0,11,134,Low
685,13,8,7,3210,2,1,1,15,82,VeryHigh
1472,36,1,6,985,7,1,0,10,130,Medium
853,3,10,2,3701,8,0,0,16,200,VeryHigh
1469,8,0,7,1052,3,0,0,0,123,Low
1310,57,6,8,1175,8,1,0,9,135,Low
1654,11,1,7,1070,14,0,1,2,146,Medium
902,3,3,7,3411,15,0,1,9,134,VeryHigh
1448,26,13,3,1175,6,1,0,16,156,Medium
1631,3,2,7,301,13,1,0,12,198,Low
1608,28,7,2,489,8,1,1,13,183,Low
1991,64,5,2,1733,8,0,0,13,145,High
1349,62,15,5,2756,4,1,0,16,114,High
1589,51,5,1,2612,16,0,0,18,195,High
1844,51,1,8,1724,14,1,1,3,158,Medium
712,35,3,2,2190,4,1,1,10,84,Medium
972,54,0,3,1900,19,0,1,4,107,Medium
1406,34,2,3,3915,2,1,1,5,98,VeryHigh
1289,25,10,6,1043,11,0,0,12,178,Low
932,64,1,7,3817,9,0,1,2,154,VeryHigh
1747,48,6,3,2362,19,0,0,19,94,High
1172,41,4,3,1107,5,1,0,7,95,Medium
1128,53,12,5,2982,12,0,0,14,84,VeryHigh
664,28,0,5,2042,19,1,0,5,106,Medium
513,44,6,4,1343,9,0,0,12,186,Low
1742,43,9,7,2610,10,1,1,12,170,High
1512,6,12,7,2335,7,0,1,17,162,High
1986,51,3,8,1614,3,1,1,20,165,Medium
965,13,5,2,1138,10,1,0,14,109,Low
1067,40,3,8,604,11,1,0,15,122,Low
1583,42,5,3,3652,9,0,0,10,118,VeryHigh
1653,37,2,4,3955,18,1,1,6,176,VeryHigh
1433,4,7,8,258,4,0,1,11,133,Low
765,18,0,7,1066,16,0,0,0,153,Low
1845,61,10,1,1731,6,1,0,12,96,Medium
752,48,1,7,3860,16,1,0,13,87,VeryHigh
1948,16,8,5,3630,17,1,0,10,100,VeryHigh
1077,45,0,3,1965,6,1,0,4,174,Medium
932,60,1,4,1459,19,0,0,2,104,Low
1968,22,0,3,2323,7,0,1,7,115,High
1122,2,9,4,3291,13,0,1,14,120,High
1588,61,0,1,3272,17,0,0,13,159,VeryHigh
601,26,4,4,918,12,0,0,18,101,Low
1615,15,14,4,3488,3,0,1,16,132,VeryHigh
1589,58,2,4,3961,14,1,1,4,128,VeryHigh
1417,56,2,6,590,6,0,1,4,114,Low
1697,34,1,1,3701,8,0,0,3,95,VeryHigh
1330,3,14,5,463,11,1,1,17,83,Low
1476,43,0,2,3644,6,0,1,2,148,VeryHigh
1579,27,0,6,1713,10,0,1,18,142,Medium
1277,41,0,4,429,14,0,1,3,200,Low
1089,2,12,5,2765,10,1,1,15,145,High
1663,27,13,4,2084,18,1,0,14,169,High
1949,20,0,5,1125,9,0,0,4,186,Medium
1138,48,5,3,2048,18,0,1,14,109,High
685,17,7,6,1223,18,0,1,20,174,Low
1889,31,5,1,3672,3,0,1,10,132,VeryHigh
857,17,3,7,3100,13,1,0,9,195,High
1902,50,6,8,343,18,1,0,9,124,Low
1225,15,0,5,1970,15,0,0,0,155,Medium
1066,39,5,5,2728,17,0,1,17,131,High
1554,5,11,3,3635,18,1,0,12,124,VeryHigh
1337,31,13,2,2180,16,0,1,20,186,Medium
1926,33,1,3,2488,14,1,0,2,172,High
869,34,3,2,3864,11,1,0,4,104,VeryHigh
1278,54,1,8,1155,20,1,1,16,104,Low
1773,32,16,6,3566,13,0,1,18,170,VeryHigh
1661,6,1,7,864,2,1,1,2,109,Medium
1438,32,0,7,869,9,0,1,6,176,Low
1661,29,0,2,591,9,0,1,0,119,Low
1846,19,1,1,1333,11,0,1,2,159,Medium
1260,23,2,7,2208,10,1,1,10,123,High
512,15,7,3,2610,15,1,1,15,83,High
581,59,0,5,2819,9,0,1,6,185,High
1872,44,6,3,1955,15,0,1,15,134,High
687,50,9,4,3416,8,0,0,20,151,VeryHigh
1062,10,6,1,3803,16,1,1,13,160,VeryHigh
1678,7,11,1,574,19,1,0,14,192,Low
1417,45,10,4,2129,12,0,1,19,166,Medium
1074,9,2,6,1948,18,1,1,14,103,Medium
1832,2,2,7,2978,18,0,0,6,90,High
1039,12,0,8,1619,10,0,1,0,200,Medium
1059,61,8,3,3716,11,0,0,18,134,VeryHigh
1606,57,3,4,3454,20,0,1,4,154,VeryHigh
1928,19,9,3,3777,13,0,1,20,187,VeryHigh
1875,55,11,1,2712,6,1,1,17,91,VeryHigh
1128,46,9,8,1434,11,0,0,10,135,Medium
1748,14,6,3,3968,3,1,1,7,146,VeryHigh
1413,51,5,5,3383,2,1,0,11,117,VeryHigh
825,23,0,2,3278,2,1,1,0,86,VeryHigh
1589,26,3,8,3970,18,0,1,16,100,VeryHigh
535,54,8,8,2674,10,1,0,15,145,High
1780,27,6,4,2776,14,0,1,11,190,VeryHigh
1671,61,7,2,2336,7,1,0,11,129,High
1821,12,9,1,2430,6,0,1,18,114,High
1076,38,3,6,891,9,0,0,8,119,Low
532,8,3,5,728,8,1,0,10,193,Low
777,30,3,5,3886,7,0,0,17,148,VeryHigh
1217,17,3,4,1711,9,0,1,13,182,Medium
1656,16,0,7,2856,20,1,1,2,117,High
1185,31,0,8,2447,3,0,1,7,152,High
577,37,8,6,814,19,0,1,20,161,Low
737,49,7,4,2951,10,1,0,16,193,High
704,53,4,6,3653,15,1,1,6,186,High
525,51,5,8,1891,12,1,0,11,137,Medium
504,16,5,1,701,15,1,1,9,166,Low
793,38,1,4,3139,12,1,1,7,176,VeryHigh
569,39,2,8,2811,7,1,1,9,184,Medium
1590,21,3,5,1701,4,1,1,18,160,Medium
707,16,0,2,1853,12,0,1,0,194,Medium
767,19,16,6,2445,6,0,1,17,185,Medium
1350,50,0,8,2287,8,1,0,4,181,Medium
1117,31,0,2,2003,14,1,1,7,146,High
641,7,0,1,3595,19,0,1,3,192,High
1002,35,0,2,1726,19,1,1,4,83,Medium
1408,45,10,5,3952,3,1,1,14,89,VeryHigh
1900,41,1,8,850,4,1,1,6,190,Medium
726,43,0,8,1446,8,0,0,0,101,Low
1544,45,12,8,1300,18,0,0,20,113,Medium
1454,21,6,4,719,10,0,1,10,160,Low
1230,26,6,5,988,9,1,1,7,123,Low
1552,53,10,8,2606,12,0,0,18,180,High
1519,32,0,1,2912,15,0,0,10,200,High
723,30,4,1,2339,17,0,1,7,102,High
1191,13,2,1,1028,8,1,1,7,169,Low
1168,61,9,8,3173,17,0,1,10,90,VeryHigh
1229,14,15,2,1667,17,1,1,16,191,Medium
1758,13,11,8,1897,15,0,0,14,190,High
1290,3,0,6,1214,15,0,1,4,143,Medium
574,38,16,6,3269,10,1,0,17,90,High
1271,32,12,7,445,14,0,1,15,113,Low
1170,30,4,8,1073,8,0,0,15,83,Low
1269,52,14,2,665,5,0,0,15,118,Medium
1288,50,15,2,3129,2,1,0,20,121,VeryHigh
1366,34,0,2,3501,3,1,0,9,150,VeryHigh
1572,8,7,5,3461,10,1,1,8,169,VeryHigh
1627,32,9,6,3206,16,1,0,16,180,VeryHigh
1701,46,13,2,3717,10,0,0,15,115,VeryHigh
1900,55,0,1,3917,18,1,1,1,171,VeryHigh
1974,24,4,7,861,6,0,1,13,80,Low
1197,20,9,5,2885,14,1,1,10,129,High
587,6,4,1,2777,14,1,0,16,170,High
934,24,7,5,1017,9,0,1,12,112,Low
1195,23,1,4,980,17,1,0,9,82,Low
1853,23,2,1,2775,17,0,0,15,92,VeryHigh
1164,19,4,8,3309,3,0,1,18,95,VeryHigh
1512,18,8,3,3607,6,0,1,17,88,VeryHigh
1232,24,1,5,1257,16,1,0,17,169,Low
1813,5,0,3,759,14,1,0,8,198,Low
946,5,17,3,3720,4,1,0,20,166,VeryHigh
739,58,2,3,475,6,1,1,4,88,Low
704,29,8,1,1122,10,0,1,10,80,Low
1663,40,0,4,1336,15,0,0,15,147,Medium
1966,40,2,8,1185,20,1,0,18,185,High
1219,17,0,5,705,6,1,1,4,196,Low
612,35,6,5,3169,6,0,0,12,181,High
1658,39,0,1,3483,15,0,1,5,182,VeryHigh
1263,64,12,5,1183,17,0,1,18,175,Medium
1395,55,0,3,3373,16,0,0,1,118,VeryHigh
621,54,0,4,2801,5,1,1,20,151,High
652,58,1,3,565,9,1,1,2,142,Low
1175,25,10,2,3153,12,0,0,12,145,High
561,11,0,8,3421,5,0,1,10,163,High
1137,3,6,5,316,17,0,0,7,173,Low
1835,11,4,7,448,14,0,0,13,193,Low
1170,40,2,6,2366,2,1,1,5,169,Medium
1595,44,0,4,3881,9,1,1,20,85,VeryHigh
1719,12,0,8,462,5,0,0,7,122,Low
1770,7,0,7,1480,17,1,0,6,128,Medium
1312,28,0,2,1087,14,1,0,0,163,Medium
1878,56,5,5,2711,3,1,1,13,139,High
1871,20,7,7,2144,12,0,1,14,81,High
922,35,1,7,1165,4,1,1,15,188,Low
1975,16,6,8,2998,13,0,0,11,128,High
1212,46,1,4,2249,4,0,1,8,102,High
1430,56,3,3,752,17,0,1,5,179,Low
1958,4,0,2,1409,3,1,0,3,190,Medium
1836,30,0,7,3072,5,1,0,15,184,VeryHigh
557,24,0,3,1305,3,0,1,0,125,Low
539,21,9,7,3597,9,1,0,14,145,High
880,44,1,8,3132,6,1,1,15,172,High
1369,34,6,1,3856,18,1,1,7,162,VeryHigh
1109,39,1,1,1524,7,1,1,9,98,Medium
843,16,0,5,3673,20,1,1,6,166,VeryHigh
598,21,7,2,3293,7,1,1,10,196,High
972,5,1,4,3035,19,1,1,2,126,High
1944,36,5,6,584,13,0,0,18,197,Medium
1225,2,0,7,2675,15,1,0,1,138,High
644,30,7,1,2382,19,1,1,16,114,High
1919,48,5,4,1391,12,0,1,6,150,Medium
501,54,12,4,2346,2,0,1,19,131,Medium
1620,30,0,3,606,18,1,0,3,185,Low
1227,34,0,3,1324,12,1,1,3,130,Medium
1359,58,1,6,1076,4,1,1,3,107,Low
1914,35,1,8,643,8,0,1,2,118,Medium
1645,21,1,7,783,20,0,0,2,123,Low
1063,26,0,5,3809,5,0,1,2,101,VeryHigh
946,19,0,8,2104,16,0,0,0,154,Medium
1231,54,5,3,1762,6,1,0,10,185,Medium
1397,9,13,6,3137,11,1,1,18,87,VeryHigh
701,15,7,3,1756,17,0,1,11,160,Medium
570,9,2,7,3663,14,1,0,5,111,VeryHigh
1993,27,10,8,2437,9,0,0,11,147,High
955,43,4,5,1432,9,1,1,8,143,Medium
924,47,0,8,1620,12,1,0,6,167,Medium
600,14,0,5,1655,9,0,0,2,112,Low
518,3,0,7,2832,8,1,1,1,178,High
1063,31,0,6,961,5,0,0,10,95,Low
920,46,2,3,2608,2,0,1,3,149,High
1715,3,4,5,514,13,0,0,6,171,Low
1841,14,6,8,2304,18,1,1,8,167,High
543,60,4,5,933,5,1,0,7,132,Low
1762,25,13,1,1896,20,1,1,14,189,Medium
1112,53,1,4,3655,20,1,0,16,121,VeryHigh
709,35,0,1,1973,16,1,1,0,136,Medium
1315,64,7,7,3278,13,0,0,16,128,High
1762,15,10,8,2183,11,0,0,11,107,High
1462,25,1,7,824,13,1,1,18,182,Low
571,35,8,7,2598,8,1,0,20,186,Medium
666,54,7,3,1254,9,1,1,13,81,Low
1994,7,2,8,3622,20,1,1,7,146,VeryHigh
1583,14,11,7,1704,2,1,1,16,148,High
1778,45,3,4,1624,9,1,0,17,132,Medium
1926,50,13,6,3809,17,0,0,17,179,VeryHigh
966,50,9,4,2574,5,0,1,10,117,High
568,36,1,3,950,9,0,0,4,179,Low
1897,21,1,8,273,3,0,1,2,192,Low
1695,46,6,3,446,15,1,1,9,200,Medium
1623,61,6,7,1510,17,0,0,12,120,High
914,26,0,4,1122,2,0,1,0,147,Low
1721,33,4,4,707,5,1,1,5,128,Low
890,44,4,8,751,3,1,0,13,198,Low
600,48,1,3,3393,8,0,0,7,191,High
1677,11,4,6,3771,12,1,0,8,124,VeryHigh
723,3,0,4,1851,16,0,0,3,168,Medium
638,27,11,4,2735,9,1,0,17,102,High
852,62,4,7,2253,7,1,0,13,104,Medium
1979,32,0,7,452,14,1,0,1,165,Low
710,32,6,5,1419,18,0,0,9,151,Low
1034,45,2,3,969,7,1,0,4,190,Low
600,22,8,1,3441,5,1,0,11,145,High
1027,64,2,2,3786,12,0,0,7,103,VeryHigh
1260,13,5,6,2710,8,0,0,6,106,High
1793,12,10,6,3533,15,1,1,17,169,VeryHigh
675,60,10,5,1735,13,0,1,15,144,Low
658,12,0,7,3587,20,0,0,3,103,VeryHigh
1694,34,0,7,2298,2,0,0,7,102,High
804,41,12,1,2027,11,1,0,13,89,Medium
1713,27,1,7,2406,20,1,1,3,127,High
706,31,13,3,2419,4,0,1,19,108,Medium
1362,25,3,7,995,18,0,1,9,131,Low
1527,60,10,5,2078,11,0,1,14,154,High
768,19,0,2,1145,7,1,1,1,159,Low
1314,41,8,4,626,4,1,1,12,155,Low
705,57,5,6,1509,18,0,1,9,155,Medium
1403,26,2,5,3371,9,0,1,3,164,VeryHigh
1486,52,7,4,297,15,0,0,15,85,Low
781,38,2,5,3508,5,0,1,7,198,VeryHigh
986,23,1,8,2385,19,0,0,3,183,Medium
1310,33,0,1,1301,19,0,1,14,105,Medium
560,57,6,3,2167,7,1,1,12,81,Medium
1348,43,0,5,3914,8,0,1,6,116,VeryHigh
1567,22,3,6,2312,18,1,0,6,119,High
1940,17,4,5,2297,8,1,0,7,93,High
1979,19,0,3,411,2,1,1,9,176,Low
561,2,7,3,665,4,1,0,13,193,Low
1717,62,1,1,3226,5,0,0,3,130,VeryHigh
535,48,1,1,740,18,0,0,4,113,Low
1413,39,4,5,3878,4,1,0,12,185,VeryHigh
1358,20,0,7,3406,11,1,1,0,135,VeryHigh
1519,30,2,7,2440,10,0,1,8,112,High
1254,50,2,5,3959,17,1,0,6,108,VeryHigh
1591,49,3,6,3703,20,0,0,7,154,VeryHigh
977,35,2,2,3714,10,1,1,15,165,VeryHigh
1640,21,10,7,337,5,0,0,14,169,Low
663,25,0,2,3176,2,1,1,1,183,High
1744,20,1,8,1205,14,0,0,3,112,Medium
1624,28,8,2,2473,2,1,0,10,150,High
1108,2,14,7,1229,4,1,0,20,169,Low
1188,9,0,2,2896,16,1,1,0,114,VeryHigh
817,11,0,3,2039,19,0,0,11,144,Medium
863,6,5,4,520,18,1,1,13,133,Low
1397,3,5,3,1378,4,1,1,15,121,Medium
1108,49,3,5,3254,16,0,0,12,140,VeryHigh
1068,37,1,7,1803,7,1,0,13,184,Medium
1702,52,12,2,2501,4,0,0,15,145,VeryHigh
808,8,0,4,3762,12,1,1,1,192,VeryHigh
1156,61,6,7,1796,13,0,1,9,89,Medium
1271,54,2,8,990,6,1,1,3,159,Low
696,51,6,3,2630,9,0,1,8,197,Medium
1981,45,13,6,1380,13,1,0,18,175,Medium
614,58,0,7,3487,11,1,1,2,128,High
1590,7,0,3,1201,18,1,1,17,122,Medium
1945,21,4,3,3015,15,0,0,10,113,VeryHigh
1135,43,9,1,3204,6,1,0,11,158,VeryHigh
1049,2,8,6,433,6,1,0,10,172,Low
1807,49,2,1,1906,13,0,1,10,125,High
984,42,13,7,898,13,0,0,17,98,Low
720,61,0,7,2799,15,1,1,8,96,VeryHigh
1536,13,12,7,2020,16,0,0,20,105,High
771,25,3,4,770,20,0,0,6,86,Low
503,57,3,6,305,16,0,1,11,185,Low
675,42,1,7,2953,13,0,0,2,187,High
1936,34,13,7,1671,9,1,1,14,182,Medium
1303,15,0,3,2574,14,1,1,10,138,High
1004,35,0,6,3772,18,1,1,9,141,VeryHigh
1972,37,0,2,2870,17,1,0,1,102,VeryHigh
1822,8,0,6,2577,8,0,0,0,195,High
1159,18,5,1,2246,3,0,0,7,83,Medium
1782,58,6,1,2405,16,1,1,13,157,High
894,16,16,8,3377,6,1,1,20,168,High
1884,43,7,1,3619,7,1,1,18,185,VeryHigh
1648,17,1,2,1184,2,0,1,3,142,Medium
798,4,5,3,2965,14,0,0,9,96,High
802,45,1,3,3713,8,1,0,9,157,VeryHigh
1276,53,2,2,3798,8,1,1,3,130,VeryHigh
1331,16,0,2,1026,20,0,1,7,165,Medium
1620,5,6,6,1086,13,1,0,18,186,Medium
1996,51,5,4,2236,12,0,1,9,122,High
1092,45,8,1,1303,20,1,1,10,185,Medium
1018,63,7,5,3048,2,1,1,18,155,High
545,11,0,3,616,19,0,1,1,131,Low
554,12,0,6,3764,4,0,1,10,105,High
1264,34,2,3,419,3,1,1,3,171,Low
1030,58,3,6,2858,18,1,1,20,138,VeryHigh
1432,39,6,4,504,10,1,0,18,164,Low
558,49,1,5,392,8,0,1,4,142,Low
829,56,0,7,820,11,0,1,1,129,Low
1741,14,0,8,3387,3,0,0,0,143,VeryHigh
1849,15,7,5,3447,19,0,1,19,144,VeryHigh
733,7,5,7,1403,2,0,0,10,174,Low
1872,16,0,2,2295,16,1,1,2,80,High
1853,27,1,6,1973,8,1,1,13,197,High
1149,30,4,6,3755,8,0,0,5,106,VeryHigh
891,25,9,2,2073,10,1,1,19,196,Medium
1911,64,7,8,3872,11,0,0,8,163,VeryHigh
550,23,16,2,302,8,0,0,17,145,Low
576,27,0,2,1519,8,0,1,4,121,Medium
1760,50,1,1,2549,4,0,0,2,198,High
969,45,0,7,404,19,0,1,0,124,Low
1160,63,1,3,595,15,0,1,2,166,Low
827,18,2,2,1663,17,1,1,16,160,Low
1786,58,9,7,2764,7,0,1,10,161,VeryHigh
774,8,2,1,2614,14,1,1,4,136,High
819,11,0,8,1094,15,1,0,1,83,Low
1042,11,15,5,2826,2,0,0,16,139,High
1368,50,10,7,2496,5,1,1,18,97,High
1592,50,6,2,2103,7,0,0,17,181,Medium
1067,14,11,1,966,13,1,1,15,146,Low
1892,47,5,4,2172,3,0,1,10,110,High
915,56,6,8,905,12,0,0,17,187,Low
774,55,7,3,3916,12,0,0,18,124,VeryHigh
1848,42,2,2,3902,3,1,1,10,179,VeryHigh
1501,2,12,1,2487,16,0,1,15,187,High
1614,55,8,3,3914,13,0,0,17,188,VeryHigh
911,46,0,5,363,17,0,0,1,181,Low
1520,24,1,5,3233,4,0,1,8,199,VeryHigh
1647,38,3,6,2532,15,1,1,15,102,High
1347,53,8,6,3836,14,1,1,15,108,VeryHigh
967,25,4,8,3076,18,0,1,9,92,High
1442,56,0,5,1513,7,0,0,3,145,High
1204,10,0,7,1724,19,0,0,3,199,Medium
1320,41,0,7,542,14,1,0,2,144,Low
1800,8,2,7,3481,8,0,1,6,100,VeryHigh
1567,22,3,3,3991,10,1,0,19,153,VeryHigh
1439,20,12,1,1790,15,0,1,17,147,Medium
1422,3,15,1,509,3,0,1,17,112,Low
1591,52,4,3,282,14,1,1,16,161,Low
880,6,2,4,3006,3,0,0,19,198,High
1929,19,0,6,1913,6,1,0,2,163,Medium
1642,5,0,5,1333,2,1,1,2,102,High
1511,21,3,3,3746,5,1,0,18,114,VeryHigh
1312,10,5,2,3941,13,0,1,9,163,VeryHigh
1852,10,4,1,3970,11,0,1,18,196,VeryHigh
972,44,8,7,3925,7,0,0,10,82,VeryHigh
691,33,4,4,424,15,1,1,8,108,Low
807,8,9,5,1284,2,0,1,20,158,Low
1113,25,0,1,277,12,1,1,10,145,Low
721,16,10,1,1713,4,1,1,18,125,Medium
1188,54,0,6,485,7,1,0,2,198,Low
1512,52,1,1,3002,7,0,1,14,131,High
805,64,0,4,418,17,0,1,14,97,Low
918,8,1,7,1652,14,1,0,5,123,Medium
1320,48,7,5,2893,9,1,1,16,168,High
1236,57,2,1,1406,20,1,1,14,188,Low
1387,61,0,3,629,11,0,0,0,98,Low
1883,30,6,2,3724,20,1,1,10,95,VeryHigh
839,14,0,7,3835,11,1,0,3,175,VeryHigh
1593,52,0,8,1354,13,0,1,0,130,Medium
1722,25,7,6,2376,19,0,1,19,88,VeryHigh
1954,7,8,3,3438,13,1,0,9,126,VeryHigh
1788,2,15,6,2655,4,1,1,20,150,High
1628,33,5,6,3361,13,0,0,8,101,VeryHigh
1965,4,6,7,3535,16,0,1,9,84,VeryHigh
833,27,4,1,2150,7,0,1,6,124,Medium
571,43,1,3,2587,18,0,0,8,141,Medium
1808,31,1,2,2736,8,1,1,16,92,VeryHigh
1860,55,2,6,676,4,1,1,3,83,Low
1368,9,4,7,2941,17,1,0,7,115,VeryHigh
1161,21,0,8,3336,14,1,1,12,126,VeryHigh
1224,33,9,1,3796,13,0,0,18,157,VeryHigh
902,63,0,5,3654,15,1,1,14,122,VeryHigh
787,11,15,1,2934,14,0,1,16,93,High
854,30,2,8,2889,11,0,1,5,125,High
1184,48,1,1,3315,14,1,1,6,191,VeryHigh
1973,39,5,4,1993,5,1,0,6,152,High
510,35,3,3,2509,11,1,1,6,120,Medium
966,34,8,2,3534,11,0,1,10,118,VeryHigh
1438,16,3,8,2246,15,0,0,7,169,High
1986,51,7,3,3165,13,0,0,9,95,VeryHigh
1907,55,13,7,286,17,0,1,15,105,Low
1489,32,8,1,776,8,1,0,16,200,Low
1843,16,13,6,3213,15,1,0,18,134,VeryHigh
825,38,11,3,716,14,0,0,18,94,Low
1286,16,10,2,424,4,0,0,18,98,Low
840,63,0,7,3486,18,0,0,19,137,VeryHigh
757,58,5,4,3237,9,1,1,7,163,High
814,41,2,2,1944,12,1,0,10,177,Medium
1195,8,2,6,643,19,1,0,6,80,Low
767,10,7,4,2317,12,0,1,12,107,High
1068,52,6,8,1436,15,0,0,7,97,Medium
994,56,0,3,3190,20,1,1,3,173,High
1550,21,6,2,2338,15,0,0,11,133,High
1878,29,9,8,1334,2,0,0,19,85,Medium
623,6,2,3,3657,19,0,0,4,127,High
1829,15,0,5,2080,12,0,1,7,160,High
525,35,11,7,1609,3,1,0,20,190,Low
1065,14,0,2,3078,18,0,1,2,89,High
1425,35,9,8,590,6,0,1,14,127,Low
1296,11,3,7,2552,10,1,1,4,129,High
642,34,3,2,3355,13,0,0,15,197,High
1664,15,9,7,1968,9,1,0,19,177,High
1498,8,3,7,3358,19,0,0,4,170,VeryHigh
981,2,0,3,1539,19,1,0,7,136,Low
1236,32,6,4,942,14,0,1,18,143,Low
1673,9,7,3,3669,10,1,1,10,187,VeryHigh
712,9,6,2,3612,4,0,0,14,172,VeryHigh
569,4,10,3,2351,10,1,0,19,170,Medium
603,64,0,6,604,8,1,1,0,156,Low
1332,11,2,2,1285,9,1,0,4,187,Medium
1413,13,0,1,515,18,0,0,0,128,Low
1064,34,1,6,654,6,1,0,13,184,Low
1444,48,2,5,2540,15,0,1,17,82,VeryHigh
1366,53,5,5,3869,14,1,1,9,161,VeryHigh
906,18,7,2,3412,16,1,0,11,136,VeryHigh
1554,47,3,5,509,19,1,0,12,185,Low
1187,21,0,6,2547,5,0,0,6,122,High
1156,30,1,3,2735,13,1,1,16,173,High
1918,22,1,1,1369,6,0,1,5,139,Medium
841,39,8,6,2942,16,1,1,13,199,High
730,6,6,7,2812,17,1,0,10,167,High
878,31,13,4,3497,11,0,0,18,153,High
1059,50,0,8,619,18,1,1,1,182,Low
1578,3,8,1,3483,16,0,0,20,200,VeryHigh
1829,36,0,5,1475,7,0,0,1,112,Medium
1132,8,0,1,1950,6,0,1,4,157,Medium
1652,40,4,7,3592,6,1,0,6,198,VeryHigh
912,58,0,5,3573,20,1,0,1,107,VeryHigh
1181,61,12,2,2020,18,0,0,16,116,Medium
1497,32,5,3,1329,7,0,0,9,92,High
1790,49,3,3,3568,18,1,1,11,100,VeryHigh
1742,49,3,1,1947,6,0,1,9,100,High
1549,8,4,5,1998,15,0,0,7,158,High
1372,34,7,4,725,20,0,0,17,193,Low
1112,12,0,4,3302,20,0,1,6,190,VeryHigh
1005,46,0,8,3884,20,0,1,17,133,VeryHigh
783,27,9,6,1185,6,1,1,11,150,Low
1698,26,10,2,1656,17,0,1,18,105,High
899,53,3,4,2870,10,0,1,11,192,High
1062,45,3,3,911,9,0,0,4,151,Low
989,17,4,3,3892,19,0,0,19,166,VeryHigh
1983,27,6,1,3897,10,1,1,11,125,VeryHigh
1800,53,5,1,656,18,0,1,12,87,Low
1254,45,0,3,606,2,0,1,3,146,Medium
868,30,0,4,1653,17,0,0,0,83,Medium
1205,12,3,4,860,14,1,1,6,175,Low
1284,10,0,2,2197,9,1,1,14,155,Medium
626,23,2,2,3458,11,1,1,9,187,High
1763,53,1,4,2066,17,1,1,20,101,Medium
694,36,15,4,3676,5,1,1,20,193,VeryHigh
1265,49,4,1,1518,8,1,1,5,90,Medium
816,14,4,3,1018,15,0,0,13,198,Low
904,35,3,3,1360,11,0,0,4,168,Low
979,5,0,7,3449,14,1,0,2,164,VeryHigh
1531,60,0,6,2524,7,0,0,1,162,High
934,30,2,8,703,7,1,1,15,182,Low
1624,58,0,3,1251,18,1,1,11,200,Medium
874,8,5,1,582,15,0,0,20,185,Low
1027,63,0,5,1732,13,0,1,4,102,Medium
1966,48,15,1,1252,19,1,1,16,144,High
1048,29,2,1,2146,2,0,0,4,182,Medium
1496,38,13,4,1927,6,1,1,14,126,Medium
959,13,15,4,3328,10,0,1,16,155,High
1349,55,5,7,2462,17,1,1,7,105,High
1689,13,0,2,1172,17,1,1,9,168,Low
1558,27,0,1,3598,12,0,1,1,146,VeryHigh
582,27,3,3,2437,2,1,1,10,168,High
1485,44,3,4,3271,8,0,0,14,138,VeryHigh
1991,9,11,3,1511,9,0,0,12,94,Medium
553,23,2,3,2981,14,1,0,3,119,High
1231,7,2,1,3119,15,1,0,7,113,VeryHigh
805,34,1,6,3647,9,0,1,2,88,VeryHigh
764,13,1,8,3148,6,1,0,2,152,High
894,54,5,3,2829,13,0,1,15,130,High
1589,46,9,3,2373,20,0,0,16,84,High
1456,39,9,8,3998,13,1,0,10,80,VeryHigh
743,33,0,2,316,4,1,0,1,95,Low
1061,52,3,7,999,9,0,0,4,109,Low
1428,7,0,4,1808,13,0,0,2,153,Medium
674,8,0,3,589,4,1,0,0,93,Low
832,46,0,6,3317,19,0,0,0,93,VeryHigh
1625,50,2,8,670,8,1,0,17,107,Low
907,42,3,1,584,6,1,0,16,151,Low
1631,13,2,2,2173,8,0,0,16,166,High
1584,41,6,4,1561,17,0,1,15,135,Medium
1382,13,7,2,2073,9,0,1,18,199,Medium
633,46,0,6,1401,11,0,0,10,102,Medium
1444,38,9,7,3764,10,0,0,16,104,VeryHigh
852,54,6,5,1275,12,1,1,7,147,Low
922,47,0,8,1464,12,0,1,14,157,Medium
1745,57,4,3,2885,5,1,1,16,159,VeryHigh
862,6,9,8,3458,9,0,1,14,107,VeryHigh
1754,52,1,4,3019,19,1,1,3,101,VeryHigh
1008,36,3,1,1083,6,0,0,14,109,Medium
1569,33,3,1,3538,15,1,1,13,147,VeryHigh
1596,7,7,2,2493,13,1,1,9,149,High
1807,61,2,6,3726,15,1,0,6,134,VeryHigh
1660,7,4,1,1531,7,1,0,6,184,Medium
1861,55,4,7,601,4,0,0,8,148,Medium
648,8,4,5,2991,4,1,1,19,91,High
1379,19,1,8,3912,19,1,1,17,134,VeryHigh
1910,34,0,2,309,10,0,1,0,115,Low
1807,13,0,8,323,3,1,1,0,155,Low
1923,46,7,1,1489,3,1,1,10,191,Medium
1345,38,7,3,1322,15,0,0,11,162,Medium
904,14,5,8,1846,3,1,1,9,102,Medium
1239,52,5,2,417,6,1,1,10,122,Low
1330,52,6,4,3269,8,0,0,12,84,VeryHigh
516,30,1,1,3731,15,1,0,12,138,High
672,54,0,4,667,14,1,0,11,95,Low
892,47,0,1,1241,9,0,1,18,94,Medium
1778,23,0,6,3941,13,0,0,11,101,VeryHigh
1130,58,4,5,1018,16,0,0,14,132,Low
1359,59,4,2,3142,17,0,1,6,86,VeryHigh
1866,47,3,5,1444,20,1,0,9,89,Medium
1597,34,11,1,934,9,0,0,14,89,Low
1046,58,0,8,3863,9,1,1,0,100,VeryHigh
1035,44,2,3,3506,12,1,0,3,99,VeryHigh
1175,19,2,7,1944,9,0,0,9,164,Medium
1261,11,0,4,348,14,1,1,0,90,Low
1068,51,9,4,550,6,1,0,15,124,Low
1713,20,5,7,971,10,1,0,17,104,Low
1688,21,0,7,3984,8,0,1,0,170,VeryHigh
1413,45,4,5,2973,15,1,1,6,104,VeryHigh
559,11,10,5,2019,16,0,1,14,82,Medium
1483,19,13,7,1587,19,1,0,19,146,Medium
860,48,13,7,1870,18,1,0,18,187,Medium
1090,27,5,4,1352,11,1,0,16,91,Medium
686,3,11,6,570,19,0,0,15,91,Low
818,43,14,6,546,7,0,1,15,177,Low
1456,49,5,3,3624,16,1,0,20,193,VeryHigh
774,10,2,2,2944,2,1,1,9,188,High
1068,19,0,8,1209,12,1,0,9,197,Low
1373,29,1,6,2752,7,1,1,12,141,VeryHigh
1777,20,3,6,3868,7,0,1,5,188,VeryHigh
594,28,2,5,3087,4,0,1,3,132,High
1524,57,5,2,947,16,1,1,12,124,Low
511,50,12,3,1484,8,1,0,16,175,Low
1402,46,3,7,347,12,1,1,12,87,Low
965,53,15,8,3227,8,0,0,19,131,High
1270,58,0,5,3299,16,0,1,1,104,VeryHigh
919,13,11,1,1028,17,1,0,15,159,Low
1963,34,16,2,714,2,0,1,17,157,Medium
1977,31,2,8,2641,7,1,0,6,173,VeryHigh
1881,51,4,5,1229,14,0,0,7,158,Medium
683,19,5,4,2622,5,0,1,17,173,High
772,6,7,2,929,18,1,1,10,100,Low
536,53,0,3,1211,7,0,1,0,135,Low
1694,53,0,6,1653,6,0,0,0,186,High
1633,33,3,2,511,7,1,0,19,111,Low
1371,52,4,4,3034,8,0,0,19,167,High
551,54,0,7,1414,19,0,1,15,172,Low
1221,28,1,1,2438,10,0,1,7,139,VeryHigh
1000,63,12,8,3744,7,0,1,18,179,VeryHigh
1986,64,3,4,1377,15,1,1,20,162,Medium
1119,23,0,4,3520,7,1,0,1,164,VeryHigh
1699,59,1,4,3796,12,1,1,3,97,VeryHigh
1099,61,13,3,1699,3,0,1,20,146,Medium
1576,58,7,3,336,13,0,1,16,90,Low
950,55,9,5,1095,13,0,0,10,156,Low
1081,49,13,3,325,6,1,1,17,99,Low
606,53,1,4,1223,7,0,0,2,146,Low
502,37,7,2,1649,14,1,0,12,199,Medium
957,4,0,2,1898,3,0,0,0,160,Medium
1658,38,0,5,2609,19,1,0,0,159,High
1681,18,6,1,2265,20,1,1,7,167,High
1983,43,3,6,2775,3,1,1,10,87,High
1753,12,8,7,1445,12,0,1,17,113,Medium
1632,41,0,4,2614,15,0,0,1,132,High
1949,57,7,7,356,19,0,0,11,145,Low
1696,13,1,3,523,4,0,1,2,97,Low
688,57,0,7,3745,4,1,0,3,131,VeryHigh
1104,60,1,2,1229,3,0,1,13,199,Low
1122,28,0,3,1402,3,0,0,4,184,Medium
504,46,2,5,2085,8,1,0,14,172,Medium
1154,14,12,7,587,4,0,1,14,156,Low
1727,63,2,7,2457,7,0,1,8,85,VeryHigh
1674,52,0,3,2030,6,1,0,7,89,High
1948,18,5,2,816,3,1,0,14,135,Low
1218,39,3,7,1667,12,1,0,14,150,Medium
531,63,10,7,2958,19,0,0,14,189,High
1057,5,4,5,3705,13,0,0,13,154,VeryHigh
576,30,1,8,2800,16,0,1,5,162,High
1960,7,1,7,3773,6,0,1,9,165,VeryHigh
673,22,3,1,2050,17,1,0,5,88,Medium
718,21,0,1,1754,9,1,1,7,88,Medium
864,35,3,3,1904,13,0,1,7,103,Medium
547,37,1,5,2705,10,1,0,4,154,Medium
623,3,1,8,3537,3,0,1,7,102,VeryHigh
1793,27,11,5,1370,19,1,1,13,154,Medium
1720,19,0,2,1222,7,1,0,3,137,Medium
812,64,1,4,3102,2,1,0,7,106,High
980,33,0,6,2268,4,0,0,0,160,High
643,18,9,8,2648,18,0,1,12,187,Medium
1925,16,0,8,2173,19,1,0,11,175,High
1408,32,3,4,3162,3,0,0,6,151,VeryHigh
1522,28,4,1,1368,17,1,1,5,124,Medium
587,51,16,1,2746,7,0,1,17,111,High
1959,18,5,6,619,8,1,1,20,191,Low
1872,17,3,6,724,9,1,1,6,89,Medium
1043,42,7,3,912,6,0,0,8,111,Low
1809,23,6,6,2784,20,0,1,19,123,VeryHigh
1703,23,5,6,793,17,0,0,7,92,Low
1095,45,4,1,560,10,0,0,5,197,Low
1414,27,1,4,312,8,0,1,20,137,Low
1659,41,2,7,545,9,0,1,18,88,Low
1540,60,1,7,1591,2,1,1,12,197,Medium
1342,31,0,7,2746,10,0,0,1,86,VeryHigh
1189,8,13,3,893,13,0,0,14,198,Low
518,62,0,6,2514,7,0,1,0,128,Medium
1449,10,3,1,1032,8,1,1,12,144,Medium
516,39,0,5,819,10,1,1,7,91,Low
1569,59,8,3,3672,15,1,1,16,111,VeryHigh
1312,24,0,6,3833,17,1,0,0,156,VeryHigh
1893,23,1,8,1482,17,1,0,3,179,High
1076,14,3,5,2043,14,0,0,4,105,Medium
530,40,1,6,1229,2,0,0,2,118,Low
1044,33,7,4,1816,15,1,1,13,129,Medium
1330,37,11,7,2166,4,0,0,20,126,High
1836,14,0,5,2469,7,1,1,1,104,High
1741,55,1,5,2575,7,0,1,3,140,High
1869,30,0,1,1375,19,0,0,13,152,Medium
1331,55,8,3,1732,11,0,1,15,146,Medium
1655,4,6,3,673,12,1,0,12,105,Low
605,18,9,2,2301,8,0,0,14,162,Medium
1245,30,2,5,2676,7,0,0,3,105,High
1709,58,8,2,1781,17,0,0,10,136,High
846,58,0,4,2248,13,0,0,15,123,High
1403,62,3,4,921,18,1,0,13,90,Low
688,2,0,3,391,8,0,1,2,89,Low
775,10,1,7,1719,18,1,1,14,185,Medium
1154,35,6,5,3262,16,0,0,16,159,VeryHigh
1375,35,2,2,1947,15,1,1,3,194,Medium
1827,61,4,7,2693,7,0,1,9,130,VeryHigh
1697,60,0,4,441,11,0,0,0,90,Low
741,14,1,5,1886,9,0,1,13,178,Low
1672,32,13,1,1267,20,1,0,20,174,Medium
514,57,4,3,687,20,0,1,7,186,Low
1375,12,2,1,2890,12,1,0,13,105,VeryHigh
989,55,4,1,1737,10,1,1,12,124,Medium
1510,47,11,2,887,5,1,0,13,138,Low
1266,18,1,7,398,3,0,1,2,86,Low
1396,46,0,7,2389,15,1,1,1,138,High
808,45,3,1,3431,13,0,1,9,161,VeryHigh
1542,43,1,2,3601,16,0,0,11,182,VeryHigh
745,35,5,8,2459,16,1,0,10,102,Medium
1735,59,0,6,3230,9,1,0,0,148,VeryHigh
586,57,1,2,3646,11,1,1,5,188,VeryHigh
1341,36,0,8,2200,15,1,0,1,107,Medium
781,64,1,2,3862,9,1,0,7,88,VeryHigh
501,22,14,6,3077,17,1,0,20,174,High
1224,44,2,2,621,14,1,1,9,139,Low
1970,58,11,8,2372,2,1,0,19,80,High
618,63,0,2,2574,5,1,0,1,138,High
1537,46,11,4,2857,2,0,1,17,158,VeryHigh
1018,16,8,8,3143,20,0,0,10,153,VeryHigh
1545,35,15,5,3197,6,1,1,20,173,VeryHigh
1871,41,4,8,2727,11,0,0,5,144,VeryHigh
1729,12,1,1,1519,5,1,1,6,186,Medium
680,9,9,3,2438,17,1,0,11,131,High
1106,54,4,3,2674,9,0,1,9,107,High
635,50,1,5,2107,12,1,0,13,97,Medium
618,16,8,1,2262,4,0,0,14,143,High
1671,5,13,8,815,10,1,1,18,179,Low
1562,52,0,7,2829,3,1,1,9,105,High
1975,31,2,1,3022,19,1,1,17,151,VeryHigh
831,62,2,8,2573,18,0,1,9,134,High
1524,10,0,4,2678,13,1,1,1,174,High
1528,55,3,5,1282,11,1,1,6,129,Medium
1447,9,2,8,568,8,1,0,16,155,Low
1344,14,1,1,2074,5,0,0,3,190,Medium
564,8,1,2,2227,14,1,1,3,130,Medium
921,60,1,2,1080,6,1,1,3,83,Low
1413,10,2,6,2867,15,0,0,6,200,High
831,55,10,6,1075,3,0,0,12,86,Low
802,43,3,5,3063,4,1,0,6,153,High
1923,24,3,4,2479,15,0,0,4,86,High
1193,56,10,3,2394,14,0,0,17,196,High
904,31,10,3,2814,19,1,0,11,112,High
1285,51,1,7,2094,10,0,0,2,140,Medium
1635,2,0,4,2315,2,1,0,0,182,High
1923,14,5,4,2519,16,1,1,6,154,High
1851,12,3,6,735,14,1,1,11,198,Low
727,32,0,7,1891,7,0,1,1,131,Medium
1396,44,0,6,1386,8,1,1,1,118,Medium
877,46,9,1,3260,6,1,0,14,135,High
696,35,11,3,2022,4,0,1,13,103,Medium
1009,2,2,8,1716,15,1,0,14,102,Medium
1526,38,2,5,3317,8,1,1,6,116,VeryHigh
987,20,1,7,1454,8,1,0,3,192,Low
1414,49,0,4,2290,12,1,0,1,101,Medium
1732,61,2,5,3940,20,0,1,3,172,VeryHigh
1587,50,0,8,461,4,0,1,15,148,Low
1097,21,10,7,2219,12,0,1,15,160,High
504,40,0,3,470,16,1,0,0,178,Low
1159,28,13,8,2495,9,0,1,18,80,High
1910,29,0,7,2944,2,0,1,2,146,High
865,59,8,3,2361,19,1,1,9,159,High
1930,16,11,8,1783,13,0,1,12,186,High
860,40,8,3,2832,20,1,1,13,170,High
1268,42,9,6,931,20,0,0,17,182,Low
999,27,0,4,1344,5,1,0,1,167,Low
622,9,0,2,3916,5,0,1,0,127,High
1250,44,8,7,1882,14,0,0,20,182,Medium
763,51,9,5,2865,9,0,1,12,104,High
1100,15,12,8,757,16,0,1,14,112,Low
815,51,4,6,3469,6,1,1,12,85,VeryHigh
618,57,2,3,2399,17,1,1,7,88,Medium
553,18,0,2,3300,20,1,0,1,136,VeryHigh
673,3,2,2,2719,9,1,1,9,84,High
563,47,3,7,3012,15,1,0,12,115,High
1590,14,12,4,2836,4,1,0,15,187,VeryHigh
1031,11,2,2,2385,16,1,0,9,121,High
909,30,9,3,594,4,1,1,10,97,Low
1880,7,0,4,2968,3,0,0,1,104,VeryHigh
1479,24,0,6,3762,5,1,0,0,146,VeryHigh
1271,2,0,1,892,20,1,0,1,161,Medium
709,13,11,8,467,5,0,1,15,81,Low
1744,62,0,1,345,14,0,0,0,158,Low
1314,40,0,7,3033,17,0,1,1,116,VeryHigh
1136,9,0,6,2110,16,0,1,2,150,High
1039,56,11,8,3105,5,0,1,13,125,High
1300,62,5,6,874,10,0,0,7,156,Low
732,39,7,7,3681,15,1,1,11,188,VeryHigh
511,52,1,2,3865,7,1,1,10,180,High
1092,11,10,3,737,11,1,0,14,167,Low
921,10,12,7,3153,11,1,0,18,170,VeryHigh
1030,37,4,1,2800,12,0,1,8,147,High
1130,27,0,1,315,11,1,0,8,101,Low
1299,60,2,8,1412,20,1,1,6,187,Medium
1009,2,7,7,2286,13,1,0,15,115,High
1735,34,16,2,2392,19,1,1,17,140,High
1129,49,0,2,1857,5,1,1,2,185,Medium
708,26,0,7,1419,16,0,1,1,116,Low
894,58,2,2,3305,2,0,0,3,123,High
530,32,1,6,959,6,0,0,20,88,Low
1481,35,0,3,2635,4,1,1,0,105,High
1068,45,0,5,1754,9,1,1,1,194,Medium
1487,57,6,3,2563,14,0,0,12,84,High
1524,41,11,4,1936,9,1,1,20,96,Medium
1093,22,2,8,1869,4,1,1,14,196,Medium
1816,50,0,5,3637,16,1,1,2,186,VeryHigh
627,20,2,3,896,14,0,0,8,142,Low
989,51,13,3,2349,20,0,1,15,132,Medium
1895,5,2,1,774,6,0,0,11,134,Medium
805,58,0,3,3397,2,1,0,10,168,High
713,2,7,8,485,4,0,1,9,181,Low
864,24,10,4,3964,12,0,0,15,148,VeryHigh
1177,11,1,4,1887,11,0,1,7,181,Medium
582,32,8,3,2977,20,0,1,11,107,High
1898,56,3,7,2114,19,1,1,4,185,High
1158,29,1,2,1542,15,1,1,20,123,Medium
1451,57,5,8,3038,18,0,1,12,181,VeryHigh
1820,51,5,7,2481,11,0,0,10,163,High
984,9,3,3,841,16,1,0,20,140,Low
580,24,0,4,3565,8,1,1,5,135,High
1263,5,0,6,1958,4,0,1,3,146,High
1237,27,2,8,2454,8,0,1,5,87,High
514,37,7,1,3392,5,0,1,9,172,VeryHigh
1515,56,0,3,262,20,0,0,1,184,Low
721,6,6,4,530,8,1,1,9,194,Low
603,35,3,3,3703,9,1,1,16,126,VeryHigh
1426,55,2,1,2562,3,0,0,7,109,High
1820,64,0,1,574,18,1,0,3,161,Medium
1215,16,4,4,2632,15,0,1,8,130,High
697,20,5,2,259,4,1,1,6,173,Low
717,10,4,1,688,15,1,0,5,198,Low
1348,36,5,6,2554,12,1,0,6,145,High
1164,61,0,1,3859,17,1,0,6,88,VeryHigh
578,62,9,5,2977,5,0,1,13,170,High
1971,40,0,7,571,17,1,0,19,186,Low
1794,55,5,7,402,14,1,1,7,86,Low
1558,32,2,5,878,17,0,1,3,114,Low
1597,4,4,1,2130,15,0,0,19,85,High
1240,39,0,2,3260,17,0,1,9,146,VeryHigh
1994,7,2,8,454,6,1,0,4,88,Low
1221,35,7,7,2638,14,0,1,19,152,High
989,24,11,8,2819,5,1,1,17,156,High
1180,50,5,4,1464,20,0,1,20,144,Medium
718,59,10,6,1824,3,0,0,13,113,Medium
1670,47,0,8,876,5,1,0,15,139,Medium
534,21,1,7,2706,18,0,0,9,164,High
1566,20,0,2,659,13,1,1,0,126,Medium
1935,29,0,5,455,6,0,1,9,124,Low
504,54,2,2,2378,2,1,0,10,163,High
913,41,1,1,2278,18,1,0,14,103,Medium
1317,43,2,5,3436,5,1,1,3,113,VeryHigh
917,31,1,6,3424,13,0,0,2,88,VeryHigh
712,49,1,6,401,10,1,1,3,99,Low
1083,52,6,2,681,19,0,1,20,126,Low
1039,6,5,6,3212,7,0,1,8,136,High
1747,13,4,6,3105,10,0,0,12,185,VeryHigh
1449,52,0,6,2036,10,1,0,0,105,Medium
1872,49,14,7,3153,5,1,0,18,139,VeryHigh
1796,7,5,4,1642,3,1,1,6,101,Medium
1097,60,0,1,509,12,0,0,17,181,Low
1562,20,1,8,3465,6,1,0,10,172,VeryHigh
1433,27,8,7,3900,2,0,1,12,153,VeryHigh
740,12,1,1,1105,19,0,1,11,123,Low
676,39,1,1,2064,6,0,0,5,84,Medium
503,13,1,1,3117,9,1,1,4,131,VeryHigh
1020,7,13,3,1142,8,0,1,18,96,Medium
896,4,3,1,1060,4,1,1,4,111,Medium
1824,19,4,2,2381,5,0,0,5,143,High
1512,54,1,3,3366,11,1,1,2,134,VeryHigh
1053,42,7,6,1339,14,0,1,17,126,Low
1944,31,0,4,2560,8,1,0,10,87,VeryHigh
1174,25,1,2,285,3,1,1,8,91,Low
627,12,3,7,2476,10,1,0,17,131,Medium
1602,46,4,1,1862,2,0,1,5,118,Medium
1733,6,4,1,3488,10,1,1,15,170,VeryHigh
586,8,10,8,3178,10,1,1,14,142,High
1528,37,2,8,733,14,0,0,3,156,Low
875,23,2,7,756,6,0,0,7,110,Low
1602,58,12,1,3622,17,0,1,13,170,VeryHigh
1426,12,4,5,1277,5,0,0,16,174,Medium
1370,6,5,6,3703,11,0,0,8,158,VeryHigh
609,10,4,6,1905,18,0,1,6,81,Medium
840,15,5,6,2636,6,1,0,8,178,High
991,12,2,5,2014,10,0,0,6,158,High
1724,9,0,2,3056,6,0,0,1,100,VeryHigh
584,19,0,3,465,4,0,0,0,168,Low
860,49,1,6,3869,20,1,1,13,141,VeryHigh
1541,28,10,5,1108,7,1,1,15,165,Medium
615,58,7,5,1906,5,1,0,8,130,Medium
912,46,6,4,851,4,1,1,11,84,Low
1278,60,10,7,3142,19,0,1,14,172,VeryHigh
1365,31,0,4,1300,13,0,1,0,125,Low
1702,36,7,5,1430,10,0,0,9,177,High
589,59,1,8,362,6,0,1,4,146,Low
1347,56,10,1,2456,13,1,1,19,95,High
1644,44,0,8,2360,19,0,0,0,137,High
956,42,1,7,3700,7,1,0,11,133,VeryHigh
1089,2,10,7,2620,13,1,0,20,153,High
871,52,2,3,437,17,0,0,3,178,Low
664,6,5,2,3774,18,0,0,19,164,VeryHigh
1874,19,1,2,1218,17,0,0,9,192,Medium
1928,5,5,5,696,15,0,1,16,162,Low
888,33,2,2,3407,20,1,0,17,198,VeryHigh
1077,58,1,7,3902,3,1,0,13,86,VeryHigh
1023,30,5,8,2086,19,1,1,7,80,Medium
1426,42,2,3,1356,16,0,1,10,84,Medium
831,26,7,5,1704,20,1,1,11,177,Low
1496,6,0,3,3571,11,1,1,9,85,VeryHigh
1433,5,2,5,2132,19,0,1,11,129,Medium
1095,44,0,4,3209,8,1,1,5,103,VeryHigh
643,23,3,1,2096,2,1,0,9,156,Medium
1142,6,0,4,1273,6,0,0,0,198,Medium
730,27,3,5,3623,15,1,0,10,112,High
1901,41,5,2,368,12,0,0,17,131,Low
1510,32,1,3,854,10,1,1,8,135,Medium
1924,59,0,6,3646,16,0,1,0,136,VeryHigh
1825,17,13,4,3130,2,1,1,18,157,VeryHigh
1275,5,3,1,3784,4,1,0,9,152,VeryHigh
987,17,9,7,3885,14,0,0,17,124,VeryHigh
1538,13,6,7,1494,12,0,1,7,121,Medium
1965,29,4,5,2973,20,0,1,13,149,VeryHigh
808,20,7,6,1471,11,0,0,14,185,Low
712,27,6,2,2001,12,0,1,11,86,Medium
1507,42,0,5,1486,19,1,0,0,123,Medium
912,47,3,3,1321,6,0,1,6,182,Low
769,17,2,8,1877,11,0,1,4,95,Medium
948,22,14,5,3499,19,0,1,20,173,VeryHigh
507,39,0,1,2124,12,1,0,0,142,Medium
1384,60,15,3,1221,15,1,1,18,82,Medium
1766,29,1,8,2316,6,0,1,20,194,High
1407,16,5,4,1068,8,1,0,6,170,Medium
614,24,3,4,1930,4,1,1,7,94,Medium
1972,14,9,7,1316,8,0,0,18,196,Medium
1039,47,8,8,1742,15,1,0,9,130,Medium
511,34,5,8,3265,14,1,0,13,125,High
1811,5,4,4,2700,8,0,1,16,98,High
1159,36,3,4,2115,18,0,0,8,104,High
1848,12,7,2,3915,8,1,1,19,178,VeryHigh
1988,16,0,8,3144,14,0,0,1,94,VeryHigh
1469,58,3,7,1571,2,0,0,8,150,High
1423,44,12,5,2253,9,0,0,13,131,Medium
1974,10,9,6,1433,17,1,0,12,145,Medium
835,42,2,5,2583,13,1,1,18,128,High
1429,42,8,5,1817,16,0,0,9,151,Medium
947,51,1,2,2915,6,0,1,15,144,High
1446,18,0,8,3340,16,1,1,1,178,VeryHigh
1332,7,5,7,2790,10,1,0,19,168,High
1498,14,0,4,577,12,1,0,1,191,Low
1576,14,0,2,3220,6,1,0,4,173,VeryHigh
1398,26,8,1,3488,11,1,0,12,150,VeryHigh
1885,14,12,4,1277,16,1,1,15,92,Medium
798,2,7,2,3593,3,1,0,15,148,High
1436,42,0,8,2736,19,1,0,1,124,VeryHigh
1998,31,8,8,2311,18,0,0,19,196,High
1321,63,0,8,1464,16,0,1,9,109,Medium
1021,9,7,2,1355,14,0,0,12,192,Medium
1339,40,0,2,2382,7,1,1,1,123,High
1210,57,9,4,1886,17,1,1,20,111,Medium
1949,31,2,5,832,19,1,0,9,145,Medium
882,28,9,6,751,8,1,1,16,151,Low
1549,27,0,5,436,11,1,0,7,113,Low
1991,42,1,1,722,10,1,0,13,82,Low
796,12,2,1,1075,2,0,0,8,114,Low
1012,39,4,4,2802,10,1,0,6,161,High
1318,11,0,2,1780,2,1,0,15,188,Medium
1708,14,8,4,1247,16,0,0,16,197,Medium
598,62,8,8,3066,19,1,0,9,117,High
541,51,4,8,403,12,0,0,17,200,Low
818,23,2,5,2518,3,1,0,17,192,High
1414,15,0,2,1069,14,0,0,0,168,Low
601,6,3,4,2651,9,1,1,11,169,High
561,40,2,7,2974,19,1,1,6,99,High
1616,52,3,5,657,2,1,0,8,100,Low
1263,32,1,2,3372,10,1,0,2,103,VeryHigh
1604,63,0,5,1464,20,1,0,2,93,Medium
539,24,1,4,1326,3,1,0,2,86,Low
1071,49,0,4,3393,7,0,0,5,199,VeryHigh
826,57,0,2,323,7,1,1,0,135,Low
771,62,2,1,1628,6,0,0,8,106,Medium
1811,33,0,8,2610,13,0,0,2,132,VeryHigh
1842,56,7,4,3721,4,1,1,10,179,VeryHigh
1420,50,1,8,763,17,1,1,8,100,Low
1763,10,12,3,792,13,1,1,19,184,Low
1163,2,6,5,1568,19,0,0,20,133,Medium
1805,29,0,4,1276,17,0,0,2,182,Medium
610,52,9,4,3472,12,1,1,19,90,VeryHigh
1533,17,18,4,2520,11,1,1,20,160,High
1924,63,3,2,3423,19,0,0,10,111,VeryHigh
1801,52,6,6,258,9,1,0,10,120,Low
1726,42,1,5,1868,6,0,0,3,106,High
794,14,15,3,2171,18,1,1,19,197,Medium
1686,28,4,5,780,5,1,0,8,182,Low
1444,6,0,1,712,10,1,0,1,103,Low
1004,30,0,8,1012,13,1,1,1,160,Low
1242,28,8,4,318,19,0,0,9,166,Low
539,26,6,6,3948,15,0,1,8,137,VeryHigh
717,14,2,8,629,20,1,0,6,99,Low
1540,29,0,7,1161,5,1,0,1,157,Low
672,35,7,8,1403,6,0,0,17,99,Low
1325,13,0,4,3707,18,0,0,8,133,VeryHigh
950,55,6,8,1305,4,0,1,7,124,Low
948,18,6,4,2926,9,1,1,7,119,High
1328,27,5,3,2674,5,0,1,18,144,High
1447,40,3,2,471,20,0,1,5,184,Low
1973,21,3,8,1724,8,1,1,7,95,Medium
1731,60,18,4,1220,20,1,0,20,171,Medium
1617,63,1,2,2754,8,0,1,10,111,High
1791,33,1,5,594,16,1,1,4,110,Low
851,54,7,2,1005,14,1,1,9,101,Low
856,14,0,1,2439,12,1,1,7,115,Medium
714,30,1,4,2302,10,0,1,2,145,Medium
951,15,6,2,1083,16,0,0,17,81,Low
1303,10,6,8,2219,15,0,1,15,109,High
1550,32,2,7,1571,14,0,0,5,126,High
1759,15,10,4,2107,16,0,0,13,101,High
1448,2,18,5,593,18,1,1,19,100,Low
1987,50,0,8,857,6,0,0,18,119,Medium
908,44,1,5,3518,7,0,1,2,95,VeryHigh
820,58,2,4,1284,17,1,1,4,160,Low
904,19,4,6,545,16,1,0,7,147,Low
667,6,4,6,3566,12,1,1,10,149,High
1109,34,1,1,2821,17,0,1,4,173,High
1333,59,3,7,3442,5,0,0,5,183,VeryHigh
1352,6,5,6,1309,14,0,0,9,92,Medium
1600,19,1,6,1179,18,1,1,9,88,Medium
1454,37,8,8,1713,19,1,0,20,80,Medium
1489,9,0,3,1663,14,1,1,1,169,Medium
1823,10,11,8,1812,19,1,1,19,81,High
1581,41,9,4,1384,2,0,1,19,172,Medium
1672,44,1,8,1348,7,1,1,4,172,Medium
1283,27,0,4,3957,6,1,0,6,80,VeryHigh
630,14,9,8,1212,12,0,0,13,180,Low
659,24,0,8,3925,10,0,1,2,151,VeryHigh
1811,32,0,6,348,18,1,1,0,115,Low
688,40,9,5,1382,8,0,0,20,109,Medium
514,18,5,2,980,16,1,1,8,141,Low
1933,16,1,3,838,18,1,0,9,154,Low
915,31,8,3,378,9,0,0,20,91,Low
1006,22,4,4,909,7,1,1,8,135,Low
1134,13,2,4,3632,19,0,0,19,92,VeryHigh
599,64,0,8,3396,7,0,0,1,186,High
973,53,5,5,1861,16,1,0,7,196,Medium
1180,27,0,6,348,19,0,1,1,90,Low
1237,13,7,4,2528,16,0,0,12,98,High
659,5,7,8,2190,16,1,0,10,169,Medium
1142,6,6,8,663,5,1,1,8,190,Low
1002,11,16,6,961,19,1,1,18,185,Low
1392,44,0,4,1280,16,0,1,2,113,Medium
602,50,9,8,2189,16,0,0,18,141,High
1249,55,3,3,531,13,0,1,8,140,Low
531,12,0,4,2331,20,1,1,3,121,Medium
1450,31,1,5,794,9,0,1,4,114,Medium
1342,50,1,1,2644,11,0,1,8,173,High
832,22,5,1,1666,20,0,1,8,198,Medium
867,57,0,4,2157,18,0,0,0,159,Medium
1404,44,16,1,1196,5,0,1,20,151,Medium
840,33,6,6,2072,19,1,0,7,150,High
1368,42,10,1,1590,14,0,0,20,91,Medium
1927,11,3,8,2916,18,1,1,12,190,VeryHigh
1714,31,7,2,3707,19,1,1,10,120,VeryHigh
1201,10,1,6,726,3,0,0,5,198,Low
1796,44,4,2,3577,4,0,0,11,184,VeryHigh
1147,28,11,6,2627,15,1,1,13,158,High
776,20,0,4,685,7,0,1,9,146,Low
510,33,0,6,1693,5,0,0,10,110,Medium
1045,40,3,6,2137,12,1,1,7,175,High
1497,10,4,8,3696,3,1,1,20,153,VeryHigh
1425,33,0,3,3771,9,0,1,2,89,VeryHigh
726,40,0,4,1342,4,0,1,20,94,Low
1576,20,0,3,1379,16,0,1,0,148,Medium
714,11,5,3,1164,19,1,0,6,197,Medium
1595,63,1,1,908,6,1,1,20,88,Medium
541,10,0,4,1019,15,0,0,0,127,Medium
1617,29,14,6,3685,18,0,0,20,113,VeryHigh
1154,5,2,1,1470,12,1,0,13,98,Medium
1638,2,6,1,2299,9,0,1,11,189,High
1150,39,0,8,999,11,0,0,1,151,Low
1254,44,0,1,3011,12,0,0,10,149,High
1806,54,2,1,3142,6,1,1,11,117,VeryHigh
603,12,8,6,1543,19,0,0,20,114,Medium
1834,40,7,4,3692,16,0,0,11,99,VeryHigh
520,31,0,6,2753,17,0,1,14,145,Medium
565,50,1,2,2156,6,1,1,8,158,Medium
1689,9,11,5,2637,3,0,0,15,150,High
742,21,0,8,331,7,0,0,1,104,Low
1143,22,1,3,1214,16,1,0,6,125,Medium
761,3,9,7,2248,15,0,1,15,196,High
959,36,0,5,3073,8,1,1,14,196,VeryHigh
772,8,7,7,422,15,1,0,8,134,Low
1015,12,5,3,2293,2,0,0,14,102,Medium
1824,2,9,1,3958,19,1,0,14,103,VeryHigh
1130,29,1,1,432,10,1,1,14,130,Low
1183,48,3,8,1152,3,1,0,12,120,Low
574,26,0,6,1303,2,1,1,2,118,Low
1472,20,4,2,797,11,0,0,6,169,Low
1868,40,2,8,298,17,0,0,17,179,Low
1375,20,2,6,3847,12,0,1,7,147,VeryHigh
881,64,1,3,2110,6,0,1,6,160,Medium
1742,43,5,3,1921,3,1,0,7,176,High
1225,60,6,2,2423,6,1,0,15,107,High
1970,15,0,2,1658,20,1,1,0,132,High
1186,21,2,8,2361,7,1,0,4,160,Medium
1762,60,7,4,1380,14,0,0,10,157,Medium
1731,4,4,6,3892,4,1,1,18,163,VeryHigh
852,8,5,5,315,20,1,0,9,160,Low
848,36,4,4,2289,19,1,1,16,151,Medium
1575,11,0,7,2182,17,1,0,20,185,High
1554,23,7,6,2184,20,1,1,18,105,High
1972,48,0,8,2872,11,0,1,2,92,VeryHigh
827,35,9,6,2367,15,1,1,17,87,Medium
1063,3,7,4,1919,20,0,0,10,155,Medium
1695,34,1,5,3296,14,1,0,10,84,VeryHigh
1343,14,5,8,462,11,1,1,10,81,Low
834,27,2,1,1591,20,0,0,16,123,Medium
595,20,0,2,1593,2,0,1,18,122,Low
1081,42,13,7,2456,7,1,0,17,101,Medium
911,14,3,4,2933,11,1,0,4,199,VeryHigh
844,22,1,7,3154,7,1,0,2,197,VeryHigh
1335,60,3,2,3615,9,0,0,4,180,VeryHigh
1883,24,9,1,3563,3,0,0,16,87,VeryHigh
1128,33,6,8,1440,19,1,0,7,147,Medium
826,57,14,2,1907,5,1,0,17,117,Medium
1650,38,0,1,324,2,0,1,1,89,Low
1162,50,0,4,1404,15,0,1,10,104,Medium
1517,8,2,4,2738,12,0,0,18,169,High
963,60,1,3,2722,16,0,0,3,156,High
1837,12,5,8,2294,20,1,1,6,103,VeryHigh
1028,30,1,1,1424,13,0,1,10,193,Medium
1831,55,4,8,1133,10,1,0,9,189,Medium
571,58,5,6,555,11,1,1,11,101,Low
1770,9,0,6,3785,14,0,1,5,183,VeryHigh
970,59,5,7,3675,12,1,0,19,84,VeryHigh
642,38,0,5,435,2,0,0,10,86,Low
622,11,12,8,3183,4,1,1,14,193,High
600,6,9,2,3495,7,0,0,15,199,High
1412,57,9,3,1853,18,0,1,10,86,Medium
733,16,7,4,2648,19,0,0,12,138,High
1070,19,9,7,2647,20,0,0,16,160,High
875,30,1,8,702,15,1,1,8,146,Low
1994,5,5,2,1836,18,0,0,7,189,High
823,18,9,5,3894,9,1,0,16,182,VeryHigh
1908,30,9,2,2944,17,0,1,19,111,VeryHigh
790,44,7,8,3424,9,1,0,8,89,VeryHigh
1330,40,1,1,2678,14,1,1,5,177,High
1660,15,2,8,2424,9,0,0,8,100,High
1776,20,2,6,2671,12,0,1,16,82,VeryHigh
1611,27,4,1,3078,6,1,1,10,199,High
1410,15,0,3,2304,18,1,0,1,92,High
1772,45,17,2,1146,17,0,0,18,159,Medium
1280,39,0,7,2335,2,0,1,1,108,Medium
1712,23,2,7,1422,15,1,0,19,155,Medium
1562,55,0,8,2096,3,0,0,1,140,High
891,18,1,6,1303,4,1,1,3,153,Low
1957,36,18,2,1115,18,1,1,19,151,Medium
1110,42,1,5,456,18,0,0,2,192,Low
875,43,1,8,3396,18,1,0,3,104,VeryHigh
1211,28,0,2,2750,14,0,0,3,130,High
769,54,12,4,941,20,1,1,19,112,Low
671,2,7,6,2278,2,0,0,19,95,High
1872,26,5,4,2273,8,0,1,10,172,High
1076,14,0,5,2355,2,1,1,0,191,High
1325,50,2,1,2328,2,0,0,10,146,High
911,28,1,2,2638,13,1,1,2,182,Medium
1273,23,1,6,558,13,0,0,14,178,Low
1062,39,3,4,1345,11,0,1,4,124,Low
1317,12,6,2,425,11,0,1,9,154,Low
940,16,0,4,2192,9,0,1,1,115,Medium
729,14,0,6,3397,17,0,1,2,135,High
1494,3,6,7,1208,17,0,0,17,93,Medium
1546,27,2,2,267,16,1,0,6,124,Low
1253,34,0,4,3518,8,0,1,10,113,VeryHigh
895,16,6,8,3122,4,1,1,14,164,High
793,43,0,8,1050,3,1,1,2,124,Low
1628,56,11,2,3358,12,1,1,13,136,VeryHigh
625,42,2,8,2929,17,1,0,3,138,High
1110,12,2,8,624,15,0,0,5,153,Low
999,49,6,1,1598,8,0,0,17,132,Medium
1856,24,0,5,2052,10,1,0,1,155,High
1715,15,9,6,1249,4,1,0,20,120,Medium
1897,54,2,2,412,2,0,0,7,154,Low
1202,19,0,2,595,3,1,0,1,122,Low
1171,19,2,7,263,8,1,0,19,167,Low
964,22,0,8,2577,5,0,0,0,86,High
1973,46,6,4,639,3,1,1,10,193,Low
1992,2,11,1,3206,10,1,0,14,141,VeryHigh
546,26,5,5,1550,3,1,0,15,159,Medium
1093,31,1,2,1646,6,0,0,12,171,Medium
1880,35,11,4,1930,15,0,0,14,200,High
1765,11,3,2,3695,18,0,0,7,87,VeryHigh
1640,36,1,8,3235,10,1,1,11,87,VeryHigh
1830,7,0,6,2334,14,0,0,12,191,High
826,62,3,4,1998,17,0,0,19,187,Medium
1864,7,0,1,2258,10,0,0,2,142,High
586,42,16,7,1869,7,0,1,17,121,Medium
1206,30,10,3,1825,4,1,1,13,127,High
832,5,1,5,3946,14,1,1,2,165,VeryHigh
848,8,1,7,436,15,0,1,3,103,Low
1851,53,0,6,2678,8,0,0,2,112,High
1166,59,7,1,3887,7,0,1,11,80,VeryHigh
1776,35,10,4,1813,20,1,1,16,172,Medium
1254,27,2,2,817,16,0,1,10,134,Low
1494,24,4,1,3614,9,1,0,17,101,VeryHigh
984,39,0,8,2013,16,1,0,18,119,Medium
1179,5,1,5,543,18,0,1,17,154,Low
513,27,8,8,3400,13,0,1,13,174,High
557,17,3,6,2623,16,1,0,4,89,Medium
744,33,0,4,2700,19,1,0,2,105,High
1129,21,9,2,1400,13,1,0,10,116,Medium
1148,58,0,5,3127,11,1,0,20,170,High
1793,44,12,5,2803,6,0,1,17,175,VeryHigh
1310,15,3,5,2518,5,1,1,11,150,High
1604,6,1,6,3564,2,0,0,15,191,VeryHigh
1676,37,2,1,2515,4,0,1,3,145,High
1001,40,1,3,3654,10,1,1,7,117,VeryHigh
1086,24,0,8,3930,18,0,1,19,135,VeryHigh
1986,39,7,7,3476,17,1,0,19,89,VeryHigh
634,41,5,1,3242,4,0,1,12,192,VeryHigh
502,52,7,6,2666,20,0,0,8,82,High
1641,48,6,8,1695,17,0,1,7,97,High
623,15,0,3,3510,18,1,1,1,189,High
962,17,3,8,3438,20,1,0,20,161,VeryHigh
1057,41,3,4,2033,2,0,0,10,97,Medium
1862,62,1,1,1017,9,0,0,2,182,Medium
555,38,5,2,1686,8,1,1,10,193,Medium
1000,58,1,5,862,20,0,0,12,135,Low
841,11,6,5,957,11,0,0,14,81,Low
865,16,5,4,3494,14,0,1,12,89,VeryHigh
999,56,11,4,3083,11,1,1,13,165,High
1232,30,12,6,1656,15,0,1,14,131,Medium
1194,34,6,2,313,19,0,0,12,165,Low
612,20,1,8,3282,18,1,1,6,179,VeryHigh
1362,47,0,6,3629,5,0,1,4,186,VeryHigh
1469,44,11,2,1687,5,1,1,14,169,Medium
986,28,13,4,1149,18,0,0,20,182,Low
1843,62,1,3,3899,6,0,1,7,104,VeryHigh
1561,4,10,2,1783,10,1,0,13,134,High
1695,47,2,5,1629,11,1,0,13,189,Medium
667,8,3,1,2528,8,1,0,7,185,High
1768,2,0,7,3256,5,0,0,2,88,VeryHigh
1269,41,16,8,2341,16,1,1,17,180,High
1109,57,6,1,2785,16,1,0,12,151,High
936,14,14,3,3761,12,1,0,17,164,VeryHigh
1713,5,9,6,1513,2,0,1,16,199,Medium
1175,45,1,2,2240,5,1,0,7,167,Medium
1940,5,0,4,820,3,1,1,1,194,Medium
855,59,2,2,1875,8,0,1,3,159,Medium
771,33,0,3,920,10,1,1,17,157,Low
645,63,10,4,3615,13,0,1,14,174,High
1307,7,2,7,1412,5,0,1,3,88,Medium
1948,5,4,1,361,10,1,0,13,136,Low
1509,50,5,4,1540,3,1,0,8,81,Medium
626,11,3,2,1077,4,1,1,9,109,Low
1190,40,0,5,3610,9,1,1,1,93,VeryHigh
1727,57,10,6,512,6,1,0,18,158,Low
1670,62,14,8,3024,20,0,1,20,114,VeryHigh
1150,27,4,1,1610,16,1,0,17,134,Medium
1208,16,5,1,2201,12,0,0,19,175,Medium
1812,42,4,7,3338,11,1,1,15,162,VeryHigh
770,61,6,4,3473,4,1,1,9,196,VeryHigh
1559,10,10,8,2203,15,1,1,17,114,Medium
1902,13,10,4,940,15,0,0,11,155,Medium
1751,4,1,8,1155,12,0,1,9,146,Medium
1416,20,0,4,3872,7,1,1,0,93,VeryHigh
1288,61,3,6,1882,10,1,1,6,115,High
1003,16,16,8,1798,10,0,0,19,119,Medium
1715,18,1,6,2598,3,1,0,3,96,VeryHigh
1967,46,0,1,1567,7,0,0,7,199,Medium
962,2,14,1,1491,14,1,0,20,125,Medium
1487,42,5,2,2003,3,0,0,7,120,High
1569,54,4,4,3905,4,1,0,6,190,VeryHigh
1146,57,5,5,291,11,0,1,10,111,Low
1379,9,6,8,1693,18,0,1,13,118,Medium
1504,25,7,4,1788,13,1,1,9,152,Medium
1945,26,3,6,3322,20,0,1,5,112,VeryHigh
1630,32,0,6,1751,20,1,1,1,80,High
1125,23,10,1,1641,12,0,0,14,117,Medium
614,51,4,7,2854,12,0,1,7,178,High
854,17,5,4,3115,2,0,0,9,101,High
1470,45,6,1,3259,14,1,1,9,121,VeryHigh
1826,49,5,8,1612,17,1,0,6,172,High
807,37,0,4,2319,4,1,0,0,127,Medium
1996,7,0,5,1258,16,1,0,4,138,Medium
1083,41,3,5,1543,10,0,1,5,158,Medium
1035,49,14,2,3991,19,1,0,15,178,VeryHigh
1521,62,5,1,3555,19,0,0,9,143,VeryHigh
1314,5,13,4,3411,18,1,0,18,87,VeryHigh
535,24,5,8,524,4,0,0,19,190,Low
673,35,13,6,3541,4,0,1,14,142,VeryHigh
1219,4,5,6,1998,4,1,0,7,169,High
1606,33,0,5,3437,2,1,0,0,200,VeryHigh
1603,17,1,2,1637,11,1,1,8,114,Medium
1958,52,6,1,3064,3,0,0,14,153,VeryHigh
695,12,18,2,2855,7,0,1,19,196,High
1441,53,0,1,1393,4,1,1,12,106,Medium
1470,33,4,7,1633,4,1,0,10,138,High
1890,48,4,4,2392,15,0,1,5,127,VeryHigh
1152,26,0,2,3284,8,1,1,0,82,VeryHigh
1619,20,3,6,464,16,0,1,9,117,Low
1002,45,1,7,1234,18,0,0,7,180,Low
742,36,0,3,292,6,0,1,1,139,Low
1306,33,2,3,2521,16,1,0,9,174,High
1424,20,0,5,2658,19,1,0,0,180,High
942,27,8,4,587,13,1,1,9,91,Low
1934,2,8,4,2190,9,0,1,16,118,High
1290,35,19,4,879,8,1,0,20,110,Low
930,54,0,1,1743,9,1,0,13,80,High
1699,21,16,4,1181,18,0,0,20,156,Medium
1849,29,1,7,3330,15,0,1,12,181,VeryHigh
1922,42,15,8,3564,17,0,0,16,153,VeryHigh
548,56,0,4,562,8,1,1,14,146,Low
916,47,0,4,1659,11,0,0,1,82,Medium
1783,14,8,8,1816,7,0,1,11,183,High
1083,49,2,5,1338,5,1,1,9,156,Low
1698,7,10,8,2992,17,0,0,12,131,High
1969,7,5,8,315,7,1,0,20,85,Low
869,2,0,7,3249,12,0,1,3,197,High
1337,5,0,4,3242,20,1,0,1,200,High
637,28,2,4,2725,7,1,0,6,194,High
833,27,0,4,586,19,1,1,2,145,Low
1248,9,6,3,2454,13,0,0,8,89,High
1174,30,7,4,804,16,0,1,20,147,Low
1831,44,3,7,2460,18,0,0,14,148,High
1002,27,7,1,1295,17,1,1,10,146,Low
1010,8,2,5,2625,12,1,0,3,139,High
1117,21,2,2,1999,2,1,1,19,177,Medium
990,15,3,2,2698,6,1,0,7,153,High
1564,26,5,6,3742,13,0,0,16,129,VeryHigh
1065,21,0,5,1193,20,1,1,3,158,Medium
1982,24,12,7,3511,15,0,1,16,129,VeryHigh
1607,20,6,2,885,14,1,0,8,192,Low
1066,5,6,5,1044,11,1,0,7,167,Low
681,17,12,5,2548,5,1,1,19,194,High
1163,19,0,2,2940,15,1,1,1,132,High
1285,11,4,5,3966,2,1,1,7,199,VeryHigh
753,48,11,8,3484,16,0,0,20,121,VeryHigh
1779,5,2,1,1246,20,1,0,3,90,Medium
987,52,4,3,2757,15,0,0,8,83,High
511,24,15,3,2378,4,1,0,18,136,Medium
1044,12,4,6,1794,19,0,1,5,104,Medium
1855,32,5,8,3933,7,0,1,18,187,VeryHigh
946,26,9,6,1637,6,0,1,10,186,Low
657,21,2,8,783,11,1,0,8,110,Low
1673,42,2,5,3094,20,0,0,6,182,High
731,28,0,8,1774,10,1,0,0,130,Medium
926,59,6,7,256,2,0,1,14,161,Low
1261,52,3,2,1365,16,0,1,9,86,Medium
618,45,11,3,2339,10,0,0,20,188,High
936,57,5,2,2049,5,0,0,6,129,Medium
1485,28,0,5,3241,11,1,0,1,158,VeryHigh
1339,21,10,4,867,3,1,0,11,80,Low
508,50,1,5,2175,14,0,1,9,82,Medium
1938,44,5,2,3497,18,1,0,9,121,VeryHigh
995,10,1,4,609,5,1,1,3,104,Low
1086,43,0,6,3285,17,1,0,1,111,High
1322,35,1,1,3684,6,1,0,3,157,VeryHigh
1864,57,2,6,3586,8,1,1,6,181,VeryHigh
1944,26,1,4,2322,7,0,1,9,92,High
581,56,5,2,354,13,0,1,10,180,Low
1020,27,3,4,3204,9,1,1,4,128,VeryHigh
1936,44,2,3,1400,3,0,1,3,139,Medium
1329,23,5,8,2308,9,0,0,6,198,Medium
808,46,3,8,1082,10,1,1,15,105,Low
994,40,4,2,3104,11,1,0,17,164,High
1811,22,3,2,2847,4,0,1,8,82,High
765,44,3,8,2256,19,0,1,11,88,High
993,16,0,7,1113,6,1,1,13,106,Low
1136,32,15,6,3210,8,0,1,19,150,VeryHigh
719,23,0,6,3990,12,1,1,9,113,VeryHigh
733,63,0,7,984,9,1,1,10,105,Low
1946,8,8,8,3117,2,1,0,19,123,VeryHigh
1230,48,0,7,1622,16,0,1,2,111,High
1577,64,0,3,2967,7,1,1,7,105,VeryHigh
1514,12,3,3,1037,15,0,1,4,138,Low
579,7,3,8,2908,11,0,1,10,89,High
574,30,1,2,1167,19,0,0,3,126,Low
1072,19,6,8,2715,16,1,0,16,114,High
843,16,1,7,1734,14,1,1,4,119,Medium
1492,11,5,3,2259,19,0,1,7,85,VeryHigh
1807,16,0,3,2921,17,0,0,0,125,VeryHigh
909,47,7,3,1244,16,1,0,9,146,Low
1876,64,9,3,3132,2,1,1,19,98,VeryHigh
1436,23,3,5,2488,8,1,0,4,106,High
1251,29,10,6,1052,11,1,0,16,133,Low
636,28,8,2,2927,3,0,0,15,152,High
1354,26,3,4,2090,13,1,0,6,136,Medium
930,34,3,4,2131,6,1,1,16,190,High
1830,47,7,1,3362,11,0,0,11,117,VeryHigh
1424,23,16,4,1053,16,1,1,18,80,Medium
583,51,1,8,1799,7,1,0,2,88,Medium
648,54,9,5,3124,13,1,0,20,109,VeryHigh
1203,11,0,2,1672,19,1,0,12,109,Low
1777,15,0,4,1552,10,1,0,7,100,Medium
1299,64,0,6,1938,5,1,1,6,83,Medium
1494,47,2,2,3202,14,0,0,9,129,VeryHigh
527,53,4,1,1302,13,1,0,11,128,Low
793,64,1,4,2296,5,1,0,2,179,Medium
873,8,6,7,575,7,1,1,9,152,Low
722,12,12,6,2359,3,0,0,20,93,Medium
1250,20,14,5,3314,6,0,1,18,167,High
1358,60,0,3,440,13,0,0,1,147,Low
1035,11,8,6,2002,5,1,0,10,173,Medium
1289,16,3,6,3167,20,1,0,17,161,VeryHigh
1445,37,2,2,3480,17,1,1,6,82,VeryHigh
1702,47,12,2,595,19,1,1,19,107,Medium
534,2,4,5,2466,18,1,1,16,85,High
628,60,5,6,1337,14,0,0,6,87,Medium
713,53,4,1,1462,13,1,1,17,98,Low
1207,58,0,8,503,5,0,0,0,112,Low
683,30,7,7,2066,15,0,0,8,197,Medium
594,27,1,5,708,17,0,1,2,196,Low
537,55,1,7,2029,12,0,1,2,103,Medium
1565,38,0,5,308,7,0,1,1,121,Low
1052,6,1,4,552,11,0,1,16,195,Low
713,63,4,2,2082,12,0,0,8,89,Medium
1766,16,1,5,3314,17,1,1,7,141,VeryHigh
584,19,1,4,3996,17,1,1,4,199,VeryHigh
1541,5,6,4,1795,4,1,1,10,109,Medium
837,51,1,5,594,20,1,1,15,104,Low
935,58,3,5,2473,9,1,1,12,155,High
665,31,0,5,690,15,0,0,2,185,Low
680,34,13,2,3845,4,0,1,17,157,VeryHigh
877,17,0,7,2004,9,1,1,0,195,Medium
1493,53,13,5,2083,20,1,1,16,102,High
1762,26,3,6,2661,4,0,0,14,83,High
842,57,4,3,1903,14,1,0,10,124,Medium
925,56,9,1,2466,5,0,0,14,196,High
1692,2,4,1,3779,7,0,1,17,106,VeryHigh
1576,5,8,3,3904,7,0,1,17,139,VeryHigh
1065,48,4,6,265,12,1,0,8,162,Low
958,60,9,1,1417,19,0,1,12,200,Low
623,26,6,7,1769,16,0,0,12,197,Medium
897,17,1,1,2948,5,1,1,2,171,High
1110,41,4,3,2572,16,0,1,16,152,High
616,21,3,7,3267,19,0,0,4,150,High
1680,37,6,4,1459,2,1,0,7,168,Medium
1715,12,0,8,1633,5,0,1,6,94,High
983,45,0,4,2052,6,1,1,11,130,Medium
720,14,12,4,1086,3,1,0,14,165,Low
1660,24,2,2,2402,14,0,1,3,169,High
1564,42,1,2,3376,7,1,0,2,108,VeryHigh
592,52,1,7,1507,4,1,1,10,103,Low
969,44,2,3,641,8,1,1,7,158,Low
1356,35,0,1,3451,17,1,1,19,131,VeryHigh
504,14,8,7,1607,10,0,1,9,189,Low
1546,6,3,1,3521,9,1,0,4,101,VeryHigh
689,7,3,2,1241,16,1,0,6,147,Low
1685,16,14,7,881,17,0,1,15,137,Low
1792,62,3,7,2563,15,0,1,8,170,VeryHigh
1786,61,11,3,3033,17,0,0,14,123,VeryHigh
1944,59,9,7,769,3,1,1,10,132,Low
1077,49,13,4,3454,2,0,1,14,131,VeryHigh
648,60,1,4,819,4,0,0,4,195,Low
1702,2,8,6,435,3,1,1,19,185,Low
1571,30,1,7,586,4,0,1,3,150,Low
856,19,14,6,650,10,1,1,19,125,Low
1786,14,6,4,3038,14,0,0,15,115,VeryHigh
914,60,1,5,3736,5,0,0,4,198,VeryHigh
1615,9,3,1,2948,3,0,0,13,117,High
649,19,4,7,739,2,0,0,12,190,Low
1646,25,3,2,686,11,0,0,5,200,Low
1189,7,5,2,841,11,0,0,20,164,Low
1043,29,3,8,1183,8,0,0,17,83,Low
1920,19,3,3,3943,4,1,0,8,131,VeryHigh
1220,54,1,7,1037,15,0,0,20,109,Low
1748,53,11,4,2633,9,1,0,20,114,High
907,44,7,3,3911,8,1,0,12,160,VeryHigh
1193,20,7,7,1958,2,0,0,13,158,High
1766,22,1,8,3297,16,1,0,4,122,VeryHigh
1278,24,7,3,3141,11,0,1,16,170,VeryHigh
1234,17,8,6,3351,19,1,1,15,174,High
1961,55,10,7,2355,6,0,1,20,100,VeryHigh
1745,3,0,3,1308,2,0,0,0,105,Medium
1442,27,1,5,991,7,1,0,8,127,Low
1083,39,1,8,3248,6,1,1,2,173,High
868,5,5,4,1519,2,0,1,7,137,Low
864,53,0,6,493,10,1,0,1,88,Low
1142,2,0,6,1747,14,0,0,0,114,Medium
608,64,0,4,2517,7,1,1,0,94,Medium
983,53,0,1,1389,8,0,1,4,187,Medium
1720,2,18,5,2522,2,0,1,20,188,High
1802,27,8,5,1885,7,1,0,16,116,High
591,16,18,7,704,4,1,1,20,196,Low
1205,10,5,6,953,20,0,1,10,163,Low
1369,28,3,1,3206,4,1,0,18,108,VeryHigh
713,42,0,1,928,9,1,1,14,94,Low
1082,2,11,4,2177,17,1,0,20,101,Medium
1719,52,0,3,2610,11,1,1,1,187,High
1544,12,18,7,489,2,0,1,20,186,Low
1090,8,1,8,3839,11,0,1,8,128,VeryHigh
1991,15,3,1,1861,17,0,1,13,181,Medium
1367,56,4,2,299,10,0,0,6,176,Low
1179,32,7,2,340,16,0,0,12,182,Low
721,15,1,5,3606,5,1,1,18,102,VeryHigh
1549,62,0,4,799,9,1,1,4,91,Low
1349,46,3,6,2367,10,1,1,12,134,Medium
1799,30,1,3,445,10,0,0,9,123,Low
1075,11,2,1,3927,7,1,0,16,122,VeryHigh
684,63,3,5,3756,12,1,1,9,157,VeryHigh
1837,36,9,4,770,15,0,1,20,162,Low
1619,21,2,1,1641,13,0,0,9,138,Medium
965,13,1,8,2343,15,0,0,2,197,High
730,9,9,4,2787,7,0,1,15,122,High
1361,47,1,5,2495,16,0,1,2,169,High
1494,45,3,5,3208,4,0,0,4,158,VeryHigh
1027,18,7,7,1234,14,0,1,11,146,Low
1807,38,0,8,1069,7,1,0,0,97,Medium
709,11,1,5,3568,3,1,1,11,130,VeryHigh
689,45,2,5,3585,10,0,0,11,103,VeryHigh
955,2,2,4,1974,18,0,0,10,155,Medium
1872,35,5,3,2419,19,0,0,14,111,VeryHigh
1259,13,0,2,340,4,1,1,0,97,Low
695,41,1,8,2282,17,0,0,8,169,Medium
1969,63,9,4,298,10,1,0,11,132,Low
759,39,3,2,968,2,0,0,8,162,Low
936,18,1,3,2391,3,0,1,18,153,High
1176,62,2,2,1534,17,0,0,10,168,Medium
1802,10,0,7,696,3,1,0,9,101,Low
772,23,0,7,2782,17,1,0,11,97,High
1318,45,1,2,755,9,0,1,7,136,Low
591,16,1,6,3746,5,1,0,17,90,VeryHigh
569,41,0,1,2651,4,1,0,1,124,Medium
764,45,9,8,1341,12,1,0,11,124,Low
1056,37,8,3,2651,3,1,1,11,101,High
1982,12,2,5,1824,14,0,1,20,80,Medium
1830,14,5,6,1905,19,0,1,6,160,High
1122,40,0,7,1456,20,0,0,14,156,Medium
1023,63,2,7,3155,7,0,1,8,153,VeryHigh
1283,33,8,3,773,2,1,0,15,93,Low
1602,35,0,7,1829,13,1,0,7,99,High
732,32,5,8,3883,5,0,1,7,163,VeryHigh
1854,33,0,1,1675,9,1,1,0,195,Medium
718,30,1,3,1601,12,1,1,12,93,Medium
897,2,3,8,1958,7,0,0,10,154,Medium
1405,8,0,4,2376,11,0,0,7,107,High
798,21,6,2,1647,3,1,0,12,110,Medium
1035,40,1,5,3548,5,0,1,15,157,VeryHigh
1396,37,0,4,2694,19,0,1,15,134,High
1749,49,7,1,2195,4,1,1,8,178,High
1588,4,12,5,2506,11,0,0,20,148,High
1600,16,1,4,2073,4,0,0,16,94,High
1522,21,4,6,3767,16,0,1,11,162,VeryHigh
1279,7,5,6,1150,7,0,0,6,105,Medium
719,6,7,6,841,2,0,0,8,102,Low
544,7,2,5,1675,17,1,0,15,129,Low
1007,21,5,8,1301,12,1,0,12,185,Low
590,32,0,6,1817,6,1,0,1,141,Low
1788,6,0,6,2321,20,0,0,16,141,High
748,25,0,7,1974,13,0,1,14,110,Medium
757,64,4,7,3433,10,1,0,5,157,High
1561,27,1,3,1205,3,1,0,10,174,Medium
1327,23,10,7,872,4,0,1,16,89,Low
797,18,4,8,2052,14,1,1,20,81,Medium
727,64,0,1,3654,16,1,0,9,193,VeryHigh
686,36,0,4,1503,13,1,0,1,194,Low
1515,24,4,5,3104,20,1,0,6,176,VeryHigh
555,17,2,5,343,3,1,1,12,163,Low
1589,5,0,5,3430,19,0,1,2,112,VeryHigh
1976,45,6,4,2470,3,1,0,19,136,VeryHigh
1884,24,3,6,1396,9,1,1,4,149,Medium
1063,27,0,6,2668,19,0,0,7,86,High
672,61,13,5,1457,20,1,1,20,194,Low
635,16,9,7,2452,8,0,0,17,110,High
1906,55,3,3,1871,4,1,1,4,113,Medium
1753,40,4,4,1112,15,0,1,11,191,Medium
659,3,2,8,967,14,1,1,6,85,Low
1583,14,0,2,2498,8,1,1,4,148,High
1783,42,2,6,387,3,1,0,8,104,Medium
1667,21,0,2,635,15,1,0,0,138,Low
640,6,5,8,2711,8,1,0,20,143,High
1913,29,0,5,2023,8,0,0,4,111,High
538,25,0,7,2215,17,1,1,7,163,Medium
1191,46,6,6,824,7,0,0,9,89,Low
816,9,2,1,3851,14,1,1,3,117,VeryHigh
915,33,9,2,2156,13,1,0,16,199,Medium
1157,27,7,8,2885,2,0,1,8,88,VeryHigh
1201,10,2,7,495,14,0,1,7,99,Low
1379,18,1,2,2358,15,1,0,16,129,High
1483,53,3,5,1744,10,0,0,11,169,Medium
1614,9,1,3,1832,11,0,0,2,161,Medium
930,4,4,8,2016,16,1,1,10,144,Medium
1454,6,8,3,1300,2,0,1,20,199,Medium
1784,41,4,6,2313,11,0,0,20,164,High
1262,34,12,5,3248,4,1,1,16,149,High
797,37,0,7,2216,6,1,0,2,144,Medium
1829,59,8,5,3142,5,0,1,15,91,VeryHigh
1139,58,6,2,1850,8,1,0,11,161,Medium
618,13,9,4,1424,7,0,0,15,80,Low
1547,57,2,1,1620,19,0,1,3,114,Medium
586,15,2,3,2592,3,0,0,11,83,Medium
1617,36,8,1,296,7,0,0,9,85,Low
1882,44,11,8,3579,20,0,0,19,113,VeryHigh
674,21,1,3,1180,4,1,1,4,198,Low
1467,18,0,5,3962,5,0,1,0,122,VeryHigh
858,50,1,1,3978,3,0,0,2,84,VeryHigh
794,2,0,6,668,19,1,0,14,106,Low
1965,39,0,4,2032,16,1,1,3,187,High
1911,36,1,8,3057,5,1,0,3,108,VeryHigh
1512,46,4,5,869,19,0,1,5,145,Low
510,45,5,6,3919,2,1,1,16,168,VeryHigh
